﻿X,Y,OBJECTID,SiteID,Intersection
151.204167807883,-33.8828455608817,1,1,"Intersection of Broadway, Lee Street, Quay Street, George Street and Pitt Street"
151.20860123036,-33.8782857820077,2,2,Intersection of Castlereagh Street and Goulburn Street
151.205782587883,-33.863364269264,3,3,Intersection of Grosvenor Street and Gloucester Street
151.209897088493,-33.8732920555973,4,4,Intersection of Elizabeth Street and Park Street
151.209083421334,-33.8797971180193,5,5,"Intersection of Elizabeth Street, Wentworth Avenue and Campbell Street"
151.208292040078,-33.8613194502305,6,6,Intersection of George Street and Alfred Street
151.207005008106,-33.8729693306609,7,7,"Intersection of George Street, Park Street and Druitt Street"
151.207320906501,-33.8651703683633,8,8,"Intersection of George Street, Margaret Street and Curtin Place"
151.204160607596,-33.8629189339566,9,9,Intersection of Kent Street and Clarence Street
151.205093212532,-33.8728170459601,10,10,Intersection of Kent Street and Druitt Street
151.204592423607,-33.8687773304234,11,11,Intersection of King Street and Kent Street
151.212114715673,-33.8769046030867,12,12,"Intersection of Liverpool Street, College Street, Wentworth Avenue and Oxford Street"
151.204521911756,-33.8761494407242,13,13,Intersection of Liverpool Street and Sussex Street
151.206136791373,-33.8763886091722,14,14,Intersection of Liverpool Street and George Street
151.21285408281,-33.8632753108027,15,15,Intersection of Macquarie Street and Bridge Street
151.212515586351,-33.8657638733321,16,16,Intersection of Macquarie Street and Bent Street
151.211959487002,-33.8698575427795,17,17,"Intersection of Macquarie Street, St James Road, Hyde Park entrance and Prince Albert Road"
151.203887754796,-33.8710081419009,18,18,"Intersection of Market Street, Sussex Street, Western Distributor and Pyrmont Bridge"
151.208943350459,-33.8636159063452,19,19,Intersection of Pitt Street and Bridge Street
151.208013130372,-33.8744896623416,20,20,Intersection of Pitt Street and Bathurst Street
151.205995242626,-33.8588380037587,21,21,Intersection of Upper Fort Street and near the Sydney Harbour Bridge cycle ramp (Watson Road)
151.205374206862,-33.8633988517396,22,22,Intersection of York Street and Grosvenor Street
151.1965447951,-33.9092490979209,23,23,Intersection of Bourke Road and Maddox Street
151.178400050193,-33.919643217784,24,24,Intersection of Burrows Road and Canal Road
151.184719871254,-33.9153509420114,25,25,Intersection of Euston Road and Campbell Road
151.187806303578,-33.9202143941937,26,26,Intersection of Gardeners Road and Bourke Road
151.181426423923,-33.9072279620101,27,27,"Intersection of King Street, Princes Highway and Sydney Park pedestrian entrance"
151.19778886001,-33.9061608540306,28,28,Intersection of Bowden Street and Mandible Street
151.195003346262,-33.915602662506,29,29,Intersection of O'Riordan Street and Doody Street
151.181920303672,-33.8890312187183,30,30,"Intersection of Missenden Road, John Hopkins Drive and Grose Street"
151.183524989757,-33.8934821392719,31,31,Intersection of Missenden Road and King Street
151.176539548922,-33.8868209603076,32,32,Intersection of Parramatta Road and Mallett Street
151.194887839339,-33.8844405493094,33,33,"Intersection of Broadway, City Road, Parramatta Road and Bay Street"
151.20157889758,-33.889049106214,34,35,Intersection of Cleveland Street and Regent Street
151.220388721123,-33.8781383243968,35,36,Intersection of Darlinghurst Road and Liverpool Street
151.229478429068,-33.8768488383011,36,37,Intersection of New South Head Road and Neild Avenue
151.229678684807,-33.8763918988144,37,38,Intersection of New South Head Road and Bayswater Road
151.221183647031,-33.8793155283835,38,39,Intersection of Victoria Street and Burton Street
151.218058883758,-33.8746023870553,39,40,Intersection of William Street and Bourke Street
151.191772989331,-33.892443276067,40,41,Intersection of Abercrombie Street and Codrington Street
151.190070961546,-33.8896283298779,41,42,"Intersection of City Road, Butlin Avenue and Eastern Avenue"
151.195154149568,-33.8881117474029,42,43,Intersection of Cleveland Street and Shepherd Street
151.194343878435,-33.8924325011492,43,44,Intersection of Wilson Street and Shepherd Street
151.185798963529,-33.9000243651036,44,45,"Intersection of Railway Parade, Swanston Street and Bridge Street"
151.181390963039,-33.9066937270317,45,46,"Intersection of King Street, Concord Street and Lord Street"
151.192218303298,-33.9019706601674,46,47,Intersection of Mitchell Road and Copeland Street
151.188091312682,-33.9064642758807,47,48,"Intersection of Mitchell Road, Coulson Street and Huntley Street"
151.184293387948,-33.9024116228518,48,49,Intersection of Victoria Street and George Street
151.195544352299,-33.8976291896064,49,50,"Intersection of Mitchell Road, Davy Road and Henderson Road"
151.178545656525,-33.8844096082565,50,51,Intersection of Pyrmont Bridge Road and Lyons Road
151.175307355081,-33.8830124000444,51,52,Intersection of Wigram Road and Booth Street
151.188249635431,-33.8766580622454,52,53,"Intersection of Bridge Road, Darling Street and Taylor Street"
151.186995261178,-33.8797979064856,53,54,Intersection of Glebe Point Road and Bridge Road
151.191412207842,-33.884723228499,54,55,"Intersection of Parramatta Road, University Avenue, Derwent Street and Arundel Street"
151.183172866868,-33.8833293114164,55,56,Intersection of Ross Street and St Johns Road
151.189192508173,-33.8800570955284,56,57,"Intersection of St Johns Road, Gottenham Street and Glebe Street"
151.17481573114,-33.8727284375083,57,58,"Intersection of The Crescent, Johnston Street and Chapman Road"
151.175004969844,-33.8730637172906,58,59,Intersection of The Crescent and shared underpass
151.204088306051,-33.8802165688674,59,60,Intersection of Ultimo Road and Thomas Street
151.221989195303,-33.8753894664366,60,61,"Intersection of Darlinghurst Road, Victoria Street and Kings Cross Road"
151.224515199391,-33.8751860547521,61,62,Intersection of Bayswater Road and Ward Avenue
151.203631179467,-33.8570232575747,62,63,Intersection of Hickson Road and Towns Place
151.203063776653,-33.8641442975464,63,64,"Intersection of Hickson Street, Napoleon Street and Sussex Street"
151.218976857772,-33.8865855391407,64,65,"Intersection of Anzac Parade, Flinders Street and Moore Park Road"
151.221581402313,-33.8952343925688,65,66,"Intersection of Anzac Parade, Cleveland Street and Lang Road"
151.22257327049,-33.9014634600329,66,67,"Intersection of Anzac Parade, Alison Road and Dacey Avenue"
151.17884862225,-33.8975129637752,67,68,Intersection of King Street and Enmore Road
151.17942804745,-33.9028921754815,68,69,"Intersection of King Street, Alice Street and Angel Street"
151.180341944346,-33.8968161304582,69,70,Intersection of Wilson Street and Erskineville Road
151.184897019908,-33.8954407104825,70,71,"Intersection of Wilson Street, Burren Street and Brocks Lane"
151.216904149108,-33.8806245500749,71,72,"Intersection of Oxford Street, Bourke Street and Flinders Street"
151.220944990428,-33.8833818943531,72,73,Intersection of Oxford Street and Greens Road
151.233090176221,-33.8895837657119,73,74,"Intersection of Oxford Street, Moore Park Road, Carrington Drive, Parkes Drive and Lang Road"
151.22515618922,-33.8715315126454,74,75,"Intersection of Hughes Street, Greenknowe Avenue and Macleay Street"
151.19158970432,-33.8706349981095,75,76,Intersection of Miller Street and Saunders Street
151.194989274764,-33.866402179718,76,77,"Intersection of Pirrama Road, Jones Bay Road and Darling Island Road"
151.197830453362,-33.8700152731557,77,78,"Intersection of Murray Street, Union Street, Pyrmont Bridge and Darling Drive"
151.194927603536,-33.8714253974418,78,79,Intersection of Pyrmont Bridge Road and Harris Street
151.213102600911,-33.8971287132597,79,80,"Intersection of Bourke Street, Phillip Street and Crescent Street"
151.202307996737,-33.8918794148928,80,82,Intersection of George Street and Wells Street
151.19858349849,-33.9193865436694,81,83,Intersection of Botany Road and Harcourt Parade
151.202940254051,-33.9144020704049,82,84,Intersection of Dunning Avenue and Queen Street
151.207033295955,-33.922913770904,83,85,Intersection of Gardeners Road and Dalmeny Avenue
151.215319222636,-33.8871421035528,84,86,Intersection of Bourke Street and Phelps Street
151.214186793972,-33.8844217243985,85,87,Intersection of Crown Street and Fitzroy Street
151.208333708341,-33.8832687752569,86,88,"Intersection of Elizabeth Street, Chalmers Street, Eddy Avenue and Foveaux Street"
151.212010966845,-33.8881034551414,87,89,Intersection of Riley Street and Devonshire Street
151.194528697209,-33.8795142235386,88,90,"Intersection of Bay Street, William Henry Street, Wentworth Park entrance and Wentworth Park Road"
151.201070178879,-33.8790208103623,89,91,Intersection of Darling Drive and Hay Street
151.200801672329,-33.8815915902185,90,92,Intersection of Harris Street and Ultimo Road
151.199342928018,-33.8830543864204,91,93,Intersection of Thomas Street and Jones Street
151.197180995125,-33.8815997196907,92,94,Intersection of Wattle Street and Kelly Street
151.202330754323,-33.8983953652117,93,96,Intersection of Wellington Street and George Street
151.219132096384,-33.8697760866964,94,97,Intersection of Bourke Street and Nicholson Street
151.216736920578,-33.8723880574867,95,98,Intersection of Crown Street and Cathedral Street
151.211132720089,-33.9119239533182,96,99,Intersection of Epsom Road and Link Road
151.214311079878,-33.9039633894499,97,100,"Intersection of South Dowling Street, O'Dea Street and Todman Avenue"
151.20600018133,-33.9081968216695,98,101,Intersection of Portman Street and Geddes Avenue
151.208458228583,-33.8974108092701,99,102,Intersection of Morehead Street and Danks Street
151.20620684423,-33.9106948893453,100,103,"Intersections of Epsom Road and Rothschild Avenue, and Epsom Road and Joynton Avenue"
151.219061262872,-33.8700949721089,101,104,Intersection of Bourke Street and Wilson Street
151.209666769387,-33.8690844447268,102,105,Intersection of Castlereagh St and King St
151.192341982434,-33.9092461372047,103,106,Intersection of Canal cycle path and Huntley St 
151.193540938745,-33.9043157358684,104,107,Intersection of Mcevoy St and Harley Street
151.196889881624,-33.8874041392399,105,34,Intersection of Buckland Street and Myrtle Street (including Peace park shared path)
151.20729817291,-33.8932424424646,106,81,Intersection of Elizabeth Street and Redfern Street & Redfern Park
151.207259959364,-33.9030759990065,107,95,Intersection of Bourke Street and O'Dea Avenue & Short St
151.213744628583,-33.8806374495123,108,108,Intersection of Riley St and Campbell St
151.212311674053,-33.886819429156,109,109,Intersection of Riley St and Arthur St
