properties.RST_STEPS,properties.RST_LIFT,borough,latitude,longitude
True,False,Hackney,51.5731424382,-0.0589464539
False,True,Tower Hamlets,51.5057637086,-0.0279571788
True,False,Islington,51.5329946177,-0.0970998751
True,False,Camden,51.5404464278,-0.1357266225
True,False,Camden,51.5375696423,-0.1303857036
True,False,Islington,51.5340154364,-0.0941712511
True,False,Southwark,51.5010597767,-0.0452509278
True,False,Wandsworth,51.4638292148,-0.186538314
True,False,Wandsworth,51.4443107335,-0.2334787723
True,False,Wandsworth,51.4465076722,-0.2279337256
True,False,Wandsworth,51.4447593889,-0.2335830681
True,False,Lambeth,51.4507840714,-0.1174752529
True,False,Islington,51.5350782739,-0.1167067265
True,False,Camden,51.5356204612,-0.122481023
True,False,Islington,51.5349651936,-0.1150597957
True,False,Southwark,51.450029596,-0.04960012
True,False,Southwark,51.4518699757,-0.0534926925
True,False,Southwark,51.4505333064,-0.0520501856
True,False,Southwark,51.4501072397,-0.0509940036
True,False,Southwark,51.4505218374,-0.0496853884
False,True,Hackney,51.5445444536,-0.0226294736
True,False,Tower Hamlets,51.5058580372,-0.0279622768
True,False,Enfield,51.6162607355,-0.0958399744
True,False,Enfield,51.6165187078,-0.0959310055
True,False,Waltham Forest,51.5685709004,-0.0406649126
True,False,Waltham Forest,51.5684053767,-0.0409325013
True,False,Enfield,51.6168451079,-0.0869248973
True,False,Enfield,51.6159400873,-0.0862813575
True,False,Enfield,51.6159089717,-0.0871953522
True,False,Enfield,51.6166580258,-0.0859082817
True,False,Waltham Forest,51.5731674492,-0.0583678924
True,False,Tower Hamlets,51.5412626674,-0.0226192193
True,False,Tower Hamlets,51.5414521522,-0.0229678544
True,False,Hackney,51.5582247938,-0.0386754239
True,False,Newham,51.5371207673,-0.017180717
True,False,Newham,51.5376200494,-0.020496996
True,False,Newham,51.5370873124,-0.0170236097
True,False,Newham,51.540773542,-0.0118556661
True,False,Newham,51.5395652363,-0.0095010267
True,False,Newham,51.5404595129,-0.0116941536
True,False,Newham,51.5394326078,-0.0097724377
True,False,Lambeth,51.4647093777,-0.0917311523
True,False,Newham,51.516843395,0.0329871016
True,False,Greenwich,51.4696949365,0.0705563613
True,False,Greenwich,51.4420938466,0.0411714316
False,True,Hammersmith & Fulham,51.5090865241,-0.2195757673
True,False,Hammersmith & Fulham,51.5090420089,-0.2195666438
True,False,Greenwich,51.5012536926,0.1116815587
True,False,Greenwich,51.5014092947,0.1117902497
True,False,Lewisham,51.4776545652,-0.030176523
True,False,Lewisham,51.4799667861,-0.0239613308
True,False,Westminster,51.5118253596,-0.1585040598
True,False,Westminster,51.5117368837,-0.1741471572
True,False,Southwark,51.4876578603,-0.0701452955
True,False,Southwark,51.4875396221,-0.0691730084
True,False,Southwark,51.487427952,-0.0690446597
True,False,Southwark,51.4876412595,-0.0699044223
True,False,Tower Hamlets,51.5419800686,-0.0165784537
True,False,Tower Hamlets,51.5430569193,-0.0173920971
True,False,Hackney,51.5440462407,-0.0168342527
True,False,Tower Hamlets,51.5415057655,-0.0166841983
True,False,Tower Hamlets,51.5405713293,-0.0181901996
True,False,Tower Hamlets,51.5091968199,-0.0546636155
True,False,Ealing,51.4943128832,-0.2637220028
True,False,Ealing,51.4945667902,-0.2638419336
True,False,Ealing,51.5030671661,-0.2983361421
True,False,Ealing,51.5030893834,-0.2982498572
True,False,Ealing,51.5030852366,-0.2980312189
True,False,Ealing,51.5031109287,-0.2979414197
True,False,Richmond upon Thames,51.4647120929,-0.2921839292
True,False,Hounslow,51.4784834443,-0.3535564839
True,False,Hounslow,51.4785019376,-0.3532341909
True,False,Lambeth,51.5006659834,-0.1198829441
True,False,Richmond upon Thames,51.4643616471,-0.2920485242
True,False,Harrow,51.6126933119,-0.3727868497
True,False,Harrow,51.6128583125,-0.3725118497
True,False,Westminster,51.494940595,-0.1247273738
True,False,Barnet,51.6534921163,-0.2090115945
True,False,Croydon,51.3827713105,-0.0981708784
True,False,Hounslow,51.4868011823,-0.3176988549
True,False,Ealing,51.5006238646,-0.3380234561
True,False,Hounslow,51.487208624,-0.3193654699
True,False,Hounslow,51.4866157047,-0.3170339455
True,False,Hounslow,51.4869747654,-0.3191502511
True,False,Richmond upon Thames,51.457865882,-0.3063686509
True,False,Richmond upon Thames,51.458541709,-0.3075779234
True,False,Richmond upon Thames,51.460820512,-0.3139196223
True,False,Richmond upon Thames,51.4606879739,-0.3135802911
True,False,Richmond upon Thames,51.4560572898,-0.3059269222
True,False,Richmond upon Thames,51.4581045661,-0.3069184656
True,False,Richmond upon Thames,51.458296791,-0.3072081208
True,False,Richmond upon Thames,51.4579529329,-0.3066939507
True,False,Richmond upon Thames,51.4861186935,-0.2875351632
True,False,Richmond upon Thames,51.4852978735,-0.2872128032
True,False,Richmond upon Thames,51.4852969828,-0.2875553027
True,False,Haringey,51.5747547741,-0.1266705408
True,False,Greenwich,51.5023872765,0.0904763129
True,False,Greenwich,51.4781158467,0.0997612186
True,False,Ealing,51.524850783,-0.3219580827
True,False,Haringey,51.5746215421,-0.1385691599
True,False,Haringey,51.5749747024,-0.1394029049
True,False,Haringey,51.5961902148,-0.0558913998
True,False,Haringey,51.5962549848,-0.0558184987
True,False,Haringey,51.596423317,-0.0567151672
True,False,Lewisham,51.488179294,-0.0317390772
True,False,Greenwich,51.4829697448,-0.0241672942
True,False,Haringey,51.5748640262,-0.1272422603
True,False,Haringey,51.5744545871,-0.1346436501
True,False,Haringey,51.5847827689,-0.0564844638
True,False,Haringey,51.5842322553,-0.0563635968
True,False,Haringey,51.5819941557,-0.0593215002
True,False,Barnet,51.5966083465,-0.226931042
True,False,Ealing,51.5421473642,-0.325233303
True,False,Brent,51.5779168325,-0.3263717145
True,False,Greenwich,51.4748888602,-0.0054474426
True,False,Greenwich,51.4748835403,-0.0054638531
True,False,Waltham Forest,51.6029928212,-0.0292153501
True,False,Richmond upon Thames,51.4526961237,-0.3021843455
True,False,Bexley,51.4830043322,0.1357293383
True,False,Bexley,51.4915877852,0.1281483637
True,False,Bexley,51.4899651322,0.1280967953
True,False,Richmond upon Thames,51.4519916759,-0.3017656344
True,False,Croydon,51.3131992227,-0.1340748211
True,False,Ealing,51.5032489507,-0.3425933478
True,False,Croydon,51.3163722431,-0.1277219554
True,False,Croydon,51.3129336361,-0.1257219422
True,False,Croydon,51.3143231981,-0.1354947715
True,False,Haringey,51.5906464721,-0.1159027749
True,False,Haringey,51.6015983043,-0.1565951977
True,False,Barnet,51.5851015944,-0.1838482393
True,False,Barnet,51.5850788732,-0.1835709213
True,False,Haringey,51.5952234116,-0.1555975196
True,False,Barking & Dagenham,51.5464802464,0.1792143169
True,False,Barking & Dagenham,51.5462685751,0.179305415
True,False,Barnet,51.6090897109,-0.1443974
True,False,Barnet,51.6204727106,-0.1587142949
True,False,Haringey,51.6052083072,-0.130786857
True,False,Haringey,51.5767759099,-0.0832303378
True,False,Haringey,51.6042676408,-0.1285241779
True,False,Haringey,51.5770447773,-0.0833371031
True,False,Barnet,51.6495717876,-0.1908142537
True,False,Barnet,51.6409723407,-0.2419215374
True,False,Barnet,51.658989599,-0.201463899
True,False,Redbridge,51.6028126271,0.0343510457
True,False,Redbridge,51.602966052,0.0344212443
True,False,Croydon,51.3436466475,-0.0435785332
True,False,Ealing,51.5018652611,-0.3359320969
True,False,Hounslow,51.4948143583,-0.3044652639
True,False,Richmond upon Thames,51.4853128612,-0.2283502464
True,False,Croydon,51.3071797805,-0.1407638975
True,False,Croydon,51.3130458627,-0.1366304483
True,False,Croydon,51.3111269646,-0.1387889121
True,False,Hillingdon,51.4934662779,-0.4174285796
True,False,Ealing,51.5398901825,-0.418033027
True,False,Croydon,51.3123012536,-0.1373673316
True,False,Ealing,51.5084749691,-0.3432135222
True,False,Croydon,51.3258873265,-0.1101763404
True,False,Hillingdon,51.5581716633,-0.4436116254
True,False,Merton,51.3993297876,-0.1744479702
True,False,Barnet,51.6226991458,-0.2836497495
True,False,Harrow,51.6106401553,-0.2959649451
True,False,Hillingdon,51.5012663834,-0.4717562371
True,False,Barnet,51.6229416166,-0.2837084581
True,False,Harrow,51.6214636848,-0.3238979555
True,False,Brent,51.5322573305,-0.2843397162
True,False,Harrow,51.6214593561,-0.3544994827
True,False,Ealing,51.5431769426,-0.3769681473
True,False,Ealing,51.5433992528,-0.37745697
True,False,Ealing,51.5428236801,-0.3786454536
True,False,Ealing,51.5396839786,-0.3662581791
True,False,Lewisham,51.4411366342,-0.0642828999
True,False,Lewisham,51.4335455938,-0.0281850121
False,False,Southwark,51.4983148032,-0.0328204422
False,False,Southwark,51.4983468403,-0.0336515406
True,False,Barnet,51.6211838791,-0.2774400839
True,False,Barnet,51.6214732047,-0.2773339377
True,False,Richmond upon Thames,51.4723967673,-0.2530184037
True,False,Haringey,51.5989778541,-0.1073959262
False,False,Croydon,51.362817361,-0.0308970047
