{
	"type" : "FeatureCollection",
	"name" : "restricted_point",
	"features" : [
		{
			"type" : "Feature",
			"geometry" : {
				"type" : "Point",
				"coordinates" : [ -0.2195757673, 51.5090865241 ]
			},
			"properties" : {
				"FEATURE_ID" : "RWG108213",
				"SVDATE" : "2017-11-15",
				"RST_STEPS" : "FALSE",
				"RST_LIFT" : "TRUE",
				"BOROUGH" : "Hammersmith & Fulham",
				"PHOTO1_URL" : "https://cycleassetimages.data.tfl.gov.uk/RWG108213_1.jpg",
				"PHOTO2_URL" : "https://cycleassetimages.data.tfl.gov.uk/RWG108213_2.jpg"
			}
		},
		{
			"type" : "Feature",
			"geometry" : {
				"type" : "Point",
				"coordinates" : [ -0.2195666438, 51.5090420089 ]
			},
			"properties" : {
				"FEATURE_ID" : "RWG108212",
				"SVDATE" : "2017-11-15",
				"RST_STEPS" : "TRUE",
				"RST_LIFT" : "FALSE",
				"BOROUGH" : "Hammersmith & Fulham",
				"PHOTO1_URL" : "https://cycleassetimages.data.tfl.gov.uk/RWG108212_1.jpg",
				"PHOTO2_URL" : "https://cycleassetimages.data.tfl.gov.uk/RWG108212_2.jpg"
			}
		},
		{
			"type" : "Feature",
			"geometry" : {
				"type" : "Point",
				"coordinates" : [ -0.122481023, 51.5356204612 ]
			},
			"properties" : {
				"FEATURE_ID" : "RWG030896",
				"SVDATE" : "2017-08-21",
				"RST_STEPS" : "TRUE",
				"RST_LIFT" : "FALSE",
				"BOROUGH" : "Camden",
				"PHOTO1_URL" : "https://cycleassetimages.data.tfl.gov.uk/RWG030896_1.jpg",
				"PHOTO2_URL" : "https://cycleassetimages.data.tfl.gov.uk/RWG030896_2.jpg"
			}
		},
		{
			"type" : "Feature",
			"geometry" : {
				"type" : "Point",
				"coordinates" : [ -0.1357266225, 51.5404464278 ]
			},
			"properties" : {
				"FEATURE_ID" : "RWG025669",
				"SVDATE" : "2017-07-09",
				"RST_STEPS" : "TRUE",
				"RST_LIFT" : "FALSE",
				"BOROUGH" : "Camden",
				"PHOTO1_URL" : "https://cycleassetimages.data.tfl.gov.uk/RWG025669_1.jpg",
				"PHOTO2_URL" : "https://cycleassetimages.data.tfl.gov.uk/RWG025669_2.jpg"
			}
		},
		{
			"type" : "Feature",
			"geometry" : {
				"type" : "Point",
				"coordinates" : [ -0.1303857036, 51.5375696423 ]
			},
			"properties" : {
				"FEATURE_ID" : "RWG025670",
				"SVDATE" : "2017-07-09",
				"RST_STEPS" : "TRUE",
				"RST_LIFT" : "FALSE",
				"BOROUGH" : "Camden",
				"PHOTO1_URL" : "https://cycleassetimages.data.tfl.gov.uk/RWG025670_1.jpg",
				"PHOTO2_URL" : "https://cycleassetimages.data.tfl.gov.uk/RWG025670_2.jpg"
			}
		},
		{
			"type" : "Feature",
			"geometry" : {
				"type" : "Point",
				"coordinates" : [ -0.0941712511, 51.5340154364 ]
			},
			"properties" : {
				"FEATURE_ID" : "RWG025668",
				"SVDATE" : "2017-07-09",
				"RST_STEPS" : "TRUE",
				"RST_LIFT" : "FALSE",
				"BOROUGH" : "Islington",
				"PHOTO1_URL" : "https://cycleassetimages.data.tfl.gov.uk/RWG025668_1.jpg",
				"PHOTO2_URL" : "https://cycleassetimages.data.tfl.gov.uk/RWG025668_2.jpg"
			}
		},
		{
			"type" : "Feature",
			"geometry" : {
				"type" : "Point",
				"coordinates" : [ -0.1150597957, 51.5349651936 ]
			},
			"properties" : {
				"FEATURE_ID" : "RWG030897",
				"SVDATE" : "2017-08-21",
				"RST_STEPS" : "TRUE",
				"RST_LIFT" : "FALSE",
				"BOROUGH" : "Islington",
				"PHOTO1_URL" : "https://cycleassetimages.data.tfl.gov.uk/RWG030897_1.jpg",
				"PHOTO2_URL" : "https://cycleassetimages.data.tfl.gov.uk/RWG030897_2.jpg"
			}
		},
		{
			"type" : "Feature",
			"geometry" : {
				"type" : "Point",
				"coordinates" : [ -0.1167067265, 51.5350782739 ]
			},
			"properties" : {
				"FEATURE_ID" : "RWG030898",
				"SVDATE" : "2017-08-21",
				"RST_STEPS" : "TRUE",
				"RST_LIFT" : "FALSE",
				"BOROUGH" : "Islington",
				"PHOTO1_URL" : "https://cycleassetimages.data.tfl.gov.uk/RWG030898_1.jpg",
				"PHOTO2_URL" : "https://cycleassetimages.data.tfl.gov.uk/RWG030898_2.jpg"
			}
		},
		{
			"type" : "Feature",
			"geometry" : {
				"type" : "Point",
				"coordinates" : [ -0.0970998751, 51.5329946177 ]
			},
			"properties" : {
				"FEATURE_ID" : "RWG025666",
				"SVDATE" : "2017-07-09",
				"RST_STEPS" : "TRUE",
				"RST_LIFT" : "FALSE",
				"BOROUGH" : "Islington",
				"PHOTO1_URL" : "https://cycleassetimages.data.tfl.gov.uk/RWG025666_1.jpg",
				"PHOTO2_URL" : "https://cycleassetimages.data.tfl.gov.uk/RWG025666_2.jpg"
			}
		},
		{
			"type" : "Feature",
			"geometry" : {
				"type" : "Point",
				"coordinates" : [ -0.0546636155, 51.5091968199 ]
			},
			"properties" : {
				"FEATURE_ID" : "RWG152353",
				"SVDATE" : "2017-12-19",
				"RST_STEPS" : "TRUE",
				"RST_LIFT" : "FALSE",
				"BOROUGH" : "Tower Hamlets",
				"PHOTO1_URL" : "https://cycleassetimages.data.tfl.gov.uk/RWG152353_1.jpg",
				"PHOTO2_URL" : "https://cycleassetimages.data.tfl.gov.uk/RWG152353_2.jpg"
			}
		},
		{
			"type" : "Feature",
			"geometry" : {
				"type" : "Point",
				"coordinates" : [ -0.1247273738, 51.494940595 ]
			},
			"properties" : {
				"FEATURE_ID" : "RWG153234",
				"SVDATE" : "2018-01-15",
				"RST_STEPS" : "TRUE",
				"RST_LIFT" : "FALSE",
				"BOROUGH" : "Westminster",
				"PHOTO1_URL" : "https://cycleassetimages.data.tfl.gov.uk/RWG153234_1.jpg",
				"PHOTO2_URL" : "https://cycleassetimages.data.tfl.gov.uk/RWG153234_2.jpg"
			}
		},
		{
			"type" : "Feature",
			"geometry" : {
				"type" : "Point",
				"coordinates" : [ -0.0279622768, 51.5058580372 ]
			},
			"properties" : {
				"FEATURE_ID" : "RWG108729",
				"SVDATE" : "2017-09-10",
				"RST_STEPS" : "TRUE",
				"RST_LIFT" : "FALSE",
				"BOROUGH" : "Tower Hamlets",
				"PHOTO1_URL" : "https://cycleassetimages.data.tfl.gov.uk/RWG108729_1.jpg",
				"PHOTO2_URL" : "https://cycleassetimages.data.tfl.gov.uk/RWG108729_2.jpg"
			}
		},
		{
			"type" : "Feature",
			"geometry" : {
				"type" : "Point",
				"coordinates" : [ -0.0279571788, 51.5057637086 ]
			},
			"properties" : {
				"FEATURE_ID" : "RWG108730",
				"SVDATE" : "2017-07-03",
				"RST_STEPS" : "FALSE",
				"RST_LIFT" : "TRUE",
				"BOROUGH" : "Tower Hamlets",
				"PHOTO1_URL" : "https://cycleassetimages.data.tfl.gov.uk/RWG108730_1.jpg",
				"PHOTO2_URL" : "https://cycleassetimages.data.tfl.gov.uk/RWG108730_2.jpg"
			}
		},
		{
			"type" : "Feature",
			"geometry" : {
				"type" : "Point",
				"coordinates" : [ -0.1198829441, 51.5006659834 ]
			},
			"properties" : {
				"FEATURE_ID" : "RWG153697",
				"SVDATE" : "2018-01-12",
				"RST_STEPS" : "TRUE",
				"RST_LIFT" : "FALSE",
				"BOROUGH" : "Lambeth",
				"PHOTO1_URL" : "https://cycleassetimages.data.tfl.gov.uk/RWG153697_1.jpg",
				"PHOTO2_URL" : "https://cycleassetimages.data.tfl.gov.uk/RWG153697_2.jpg"
			}
		},
		{
			"type" : "Feature",
			"geometry" : {
				"type" : "Point",
				"coordinates" : [ -0.1741471572, 51.5117368837 ]
			},
			"properties" : {
				"FEATURE_ID" : "RWG135663",
				"SVDATE" : "2017-11-29",
				"RST_STEPS" : "TRUE",
				"RST_LIFT" : "FALSE",
				"BOROUGH" : "Westminster",
				"PHOTO1_URL" : "https://cycleassetimages.data.tfl.gov.uk/RWG135663_1.jpg",
				"PHOTO2_URL" : "https://cycleassetimages.data.tfl.gov.uk/RWG135663_2.jpg"
			}
		},
		{
			"type" : "Feature",
			"geometry" : {
				"type" : "Point",
				"coordinates" : [ -0.1585040598, 51.5118253596 ]
			},
			"properties" : {
				"FEATURE_ID" : "RWG135664",
				"SVDATE" : "2017-11-29",
				"RST_STEPS" : "TRUE",
				"RST_LIFT" : "FALSE",
				"BOROUGH" : "Westminster",
				"PHOTO1_URL" : "https://cycleassetimages.data.tfl.gov.uk/RWG135664_1.jpg",
				"PHOTO2_URL" : "https://cycleassetimages.data.tfl.gov.uk/RWG135664_2.jpg"
			}
		},
		{
			"type" : "Feature",
			"geometry" : {
				"type" : "Point",
				"coordinates" : [ -0.2335830681, 51.4447593889 ]
			},
			"properties" : {
				"FEATURE_ID" : "RWG083059",
				"SVDATE" : "2017-08-11",
				"RST_STEPS" : "TRUE",
				"RST_LIFT" : "FALSE",
				"BOROUGH" : "Wandsworth",
				"PHOTO1_URL" : "https://cycleassetimages.data.tfl.gov.uk/RWG083059_1.jpg",
				"PHOTO2_URL" : "https://cycleassetimages.data.tfl.gov.uk/RWG083059_2.jpg"
			}
		},
		{
			"type" : "Feature",
			"geometry" : {
				"type" : "Point",
				"coordinates" : [ -0.2279337256, 51.4465076722 ]
			},
			"properties" : {
				"FEATURE_ID" : "RWG083060",
				"SVDATE" : "2017-08-11",
				"RST_STEPS" : "TRUE",
				"RST_LIFT" : "FALSE",
				"BOROUGH" : "Wandsworth",
				"PHOTO1_URL" : "https://cycleassetimages.data.tfl.gov.uk/RWG083060_1.jpg",
				"PHOTO2_URL" : "https://cycleassetimages.data.tfl.gov.uk/RWG083060_2.jpg"
			}
		},
		{
			"type" : "Feature",
			"geometry" : {
				"type" : "Point",
				"coordinates" : [ -0.2334787723, 51.4443107335 ]
			},
			"properties" : {
				"FEATURE_ID" : "RWG083058",
				"SVDATE" : "2017-08-11",
				"RST_STEPS" : "TRUE",
				"RST_LIFT" : "FALSE",
				"BOROUGH" : "Wandsworth",
				"PHOTO1_URL" : "https://cycleassetimages.data.tfl.gov.uk/RWG083058_1.jpg",
				"PHOTO2_URL" : "https://cycleassetimages.data.tfl.gov.uk/RWG083058_2.jpg"
			}
		},
		{
			"type" : "Feature",
			"geometry" : {
				"type" : "Point",
				"coordinates" : [ -0.0691730084, 51.4875396221 ]
			},
			"properties" : {
				"FEATURE_ID" : "RWG135991",
				"SVDATE" : "2017-12-04",
				"RST_STEPS" : "TRUE",
				"RST_LIFT" : "FALSE",
				"BOROUGH" : "Southwark",
				"PHOTO1_URL" : "https://cycleassetimages.data.tfl.gov.uk/no_asset_photo.png",
				"PHOTO2_URL" : "https://cycleassetimages.data.tfl.gov.uk/no_asset_photo.png"
			}
		},
		{
			"type" : "Feature",
			"geometry" : {
				"type" : "Point",
				"coordinates" : [ -0.0690446597, 51.487427952 ]
			},
			"properties" : {
				"FEATURE_ID" : "RWG135992",
				"SVDATE" : "2017-12-04",
				"RST_STEPS" : "TRUE",
				"RST_LIFT" : "FALSE",
				"BOROUGH" : "Southwark",
				"PHOTO1_URL" : "https://cycleassetimages.data.tfl.gov.uk/no_asset_photo.png",
				"PHOTO2_URL" : "https://cycleassetimages.data.tfl.gov.uk/no_asset_photo.png"
			}
		},
		{
			"type" : "Feature",
			"geometry" : {
				"type" : "Point",
				"coordinates" : [ -0.0229678544, 51.5414521522 ]
			},
			"properties" : {
				"FEATURE_ID" : "RWG097873",
				"SVDATE" : "2017-10-19",
				"RST_STEPS" : "TRUE",
				"RST_LIFT" : "FALSE",
				"BOROUGH" : "Tower Hamlets",
				"PHOTO1_URL" : "https://cycleassetimages.data.tfl.gov.uk/RWG097873_1.jpg",
				"PHOTO2_URL" : "https://cycleassetimages.data.tfl.gov.uk/RWG097873_2.jpg"
			}
		},
		{
			"type" : "Feature",
			"geometry" : {
				"type" : "Point",
				"coordinates" : [ -0.0226192193, 51.5412626674 ]
			},
			"properties" : {
				"FEATURE_ID" : "RWG097872",
				"SVDATE" : "2017-10-19",
				"RST_STEPS" : "TRUE",
				"RST_LIFT" : "FALSE",
				"BOROUGH" : "Tower Hamlets",
				"PHOTO1_URL" : "https://cycleassetimages.data.tfl.gov.uk/RWG097872_1.jpg",
				"PHOTO2_URL" : "https://cycleassetimages.data.tfl.gov.uk/RWG097872_2.jpg"
			}
		},
		{
			"type" : "Feature",
			"geometry" : {
				"type" : "Point",
				"coordinates" : [ -0.0165784537, 51.5419800686 ]
			},
			"properties" : {
				"FEATURE_ID" : "RWG151745",
				"SVDATE" : "2017-12-18",
				"RST_STEPS" : "TRUE",
				"RST_LIFT" : "FALSE",
				"BOROUGH" : "Tower Hamlets",
				"PHOTO1_URL" : "https://cycleassetimages.data.tfl.gov.uk/RWG151745_1.jpg",
				"PHOTO2_URL" : "https://cycleassetimages.data.tfl.gov.uk/RWG151745_2.jpg"
			}
		},
		{
			"type" : "Feature",
			"geometry" : {
				"type" : "Point",
				"coordinates" : [ -0.0166841983, 51.5415057655 ]
			},
			"properties" : {
				"FEATURE_ID" : "RWG151746",
				"SVDATE" : "2017-12-18",
				"RST_STEPS" : "TRUE",
				"RST_LIFT" : "FALSE",
				"BOROUGH" : "Tower Hamlets",
				"PHOTO1_URL" : "https://cycleassetimages.data.tfl.gov.uk/RWG151746_1.jpg",
				"PHOTO2_URL" : "https://cycleassetimages.data.tfl.gov.uk/RWG151746_2.jpg"
			}
		},
		{
			"type" : "Feature",
			"geometry" : {
				"type" : "Point",
				"coordinates" : [ -0.0181901996, 51.5405713293 ]
			},
			"properties" : {
				"FEATURE_ID" : "RWG151747",
				"SVDATE" : "2017-12-18",
				"RST_STEPS" : "TRUE",
				"RST_LIFT" : "FALSE",
				"BOROUGH" : "Tower Hamlets",
				"PHOTO1_URL" : "https://cycleassetimages.data.tfl.gov.uk/RWG151747_1.jpg",
				"PHOTO2_URL" : "https://cycleassetimages.data.tfl.gov.uk/RWG151747_2.jpg"
			}
		},
		{
			"type" : "Feature",
			"geometry" : {
				"type" : "Point",
				"coordinates" : [ -0.0452509278, 51.5010597767 ]
			},
			"properties" : {
				"FEATURE_ID" : "RWG073870",
				"SVDATE" : "2017-07-25",
				"RST_STEPS" : "TRUE",
				"RST_LIFT" : "FALSE",
				"BOROUGH" : "Southwark",
				"PHOTO1_URL" : "https://cycleassetimages.data.tfl.gov.uk/RWG073870_1.jpg",
				"PHOTO2_URL" : "https://cycleassetimages.data.tfl.gov.uk/RWG073870_2.jpg"
			}
		},
		{
			"type" : "Feature",
			"geometry" : {
				"type" : "Point",
				"coordinates" : [ -0.0701452955, 51.4876578603 ]
			},
			"properties" : {
				"FEATURE_ID" : "RWG135989",
				"SVDATE" : "2017-12-04",
				"RST_STEPS" : "TRUE",
				"RST_LIFT" : "FALSE",
				"BOROUGH" : "Southwark",
				"PHOTO1_URL" : "https://cycleassetimages.data.tfl.gov.uk/no_asset_photo.png",
				"PHOTO2_URL" : "https://cycleassetimages.data.tfl.gov.uk/no_asset_photo.png"
			}
		},
		{
			"type" : "Feature",
			"geometry" : {
				"type" : "Point",
				"coordinates" : [ -0.0699044223, 51.4876412595 ]
			},
			"properties" : {
				"FEATURE_ID" : "RWG135990",
				"SVDATE" : "2017-12-04",
				"RST_STEPS" : "TRUE",
				"RST_LIFT" : "FALSE",
				"BOROUGH" : "Southwark",
				"PHOTO1_URL" : "https://cycleassetimages.data.tfl.gov.uk/no_asset_photo.png",
				"PHOTO2_URL" : "https://cycleassetimages.data.tfl.gov.uk/no_asset_photo.png"
			}
		},
		{
			"type" : "Feature",
			"geometry" : {
				"type" : "Point",
				"coordinates" : [ -0.0173920971, 51.5430569193 ]
			},
			"properties" : {
				"FEATURE_ID" : "RWG151748",
				"SVDATE" : "2017-12-18",
				"RST_STEPS" : "TRUE",
				"RST_LIFT" : "FALSE",
				"BOROUGH" : "Tower Hamlets",
				"PHOTO1_URL" : "https://cycleassetimages.data.tfl.gov.uk/RWG151748_1.jpg",
				"PHOTO2_URL" : "https://cycleassetimages.data.tfl.gov.uk/RWG151748_2.jpg"
			}
		},
		{
			"type" : "Feature",
			"geometry" : {
				"type" : "Point",
				"coordinates" : [ -0.0589464539, 51.5731424382 ]
			},
			"properties" : {
				"FEATURE_ID" : "RWG010475",
				"SVDATE" : "2017-06-13",
				"RST_STEPS" : "TRUE",
				"RST_LIFT" : "FALSE",
				"BOROUGH" : "Hackney",
				"PHOTO1_URL" : "https://cycleassetimages.data.tfl.gov.uk/RWG010475_1.jpg",
				"PHOTO2_URL" : "https://cycleassetimages.data.tfl.gov.uk/RWG010475_2.jpg"
			}
		},
		{
			"type" : "Feature",
			"geometry" : {
				"type" : "Point",
				"coordinates" : [ -0.0386754239, 51.5582247938 ]
			},
			"properties" : {
				"FEATURE_ID" : "RWG097874",
				"SVDATE" : "2017-10-22",
				"RST_STEPS" : "TRUE",
				"RST_LIFT" : "FALSE",
				"BOROUGH" : "Hackney",
				"PHOTO1_URL" : "https://cycleassetimages.data.tfl.gov.uk/RWG097874_1.jpg",
				"PHOTO2_URL" : "https://cycleassetimages.data.tfl.gov.uk/RWG097874_2.jpg"
			}
		},
		{
			"type" : "Feature",
			"geometry" : {
				"type" : "Point",
				"coordinates" : [ -0.0168342527, 51.5440462407 ]
			},
			"properties" : {
				"FEATURE_ID" : "RWG151749",
				"SVDATE" : "2017-12-18",
				"RST_STEPS" : "TRUE",
				"RST_LIFT" : "FALSE",
				"BOROUGH" : "Hackney",
				"PHOTO1_URL" : "https://cycleassetimages.data.tfl.gov.uk/RWG151749_1.jpg",
				"PHOTO2_URL" : "https://cycleassetimages.data.tfl.gov.uk/RWG151749_2.jpg"
			}
		},
		{
			"type" : "Feature",
			"geometry" : {
				"type" : "Point",
				"coordinates" : [ -0.0226294736, 51.5445444536 ]
			},
			"properties" : {
				"FEATURE_ID" : "RWG151744",
				"SVDATE" : "2017-08-28",
				"RST_STEPS" : "FALSE",
				"RST_LIFT" : "TRUE",
				"BOROUGH" : "Hackney",
				"PHOTO1_URL" : "https://cycleassetimages.data.tfl.gov.uk/RWG151744_1.jpg",
				"PHOTO2_URL" : "https://cycleassetimages.data.tfl.gov.uk/RWG151744_2.jpg"
			}
		},
		{
			"type" : "Feature",
			"geometry" : {
				"type" : "Point",
				"coordinates" : [ -0.0336515406, 51.4983468403 ]
			},
			"properties" : {
				"FEATURE_ID" : "RWG999727",
				"SVDATE" : "2018-05-10",
				"RST_STEPS" : "FALSE",
				"RST_LIFT" : "FALSE",
				"BOROUGH" : "Southwark",
				"PHOTO1_URL" : "https://cycleassetimages.data.tfl.gov.uk/RWG999727_1.jpg",
				"PHOTO2_URL" : "https://cycleassetimages.data.tfl.gov.uk/RWG999727_2.jpg"
			}
		},
		{
			"type" : "Feature",
			"geometry" : {
				"type" : "Point",
				"coordinates" : [ -0.04960012, 51.450029596 ]
			},
			"properties" : {
				"FEATURE_ID" : "RWG103241",
				"SVDATE" : "2017-08-23",
				"RST_STEPS" : "TRUE",
				"RST_LIFT" : "FALSE",
				"BOROUGH" : "Southwark",
				"PHOTO1_URL" : "https://cycleassetimages.data.tfl.gov.uk/RWG103241_1.jpg",
				"PHOTO2_URL" : "https://cycleassetimages.data.tfl.gov.uk/RWG103241_2.jpg"
			}
		},
		{
			"type" : "Feature",
			"geometry" : {
				"type" : "Point",
				"coordinates" : [ -0.0509940036, 51.4501072397 ]
			},
			"properties" : {
				"FEATURE_ID" : "RWG103242",
				"SVDATE" : "2017-08-23",
				"RST_STEPS" : "TRUE",
				"RST_LIFT" : "FALSE",
				"BOROUGH" : "Southwark",
				"PHOTO1_URL" : "https://cycleassetimages.data.tfl.gov.uk/RWG103242_1.jpg",
				"PHOTO2_URL" : "https://cycleassetimages.data.tfl.gov.uk/RWG103242_2.jpg"
			}
		},
		{
			"type" : "Feature",
			"geometry" : {
				"type" : "Point",
				"coordinates" : [ -0.0534926925, 51.4518699757 ]
			},
			"properties" : {
				"FEATURE_ID" : "RWG103243",
				"SVDATE" : "2017-08-23",
				"RST_STEPS" : "TRUE",
				"RST_LIFT" : "FALSE",
				"BOROUGH" : "Southwark",
				"PHOTO1_URL" : "https://cycleassetimages.data.tfl.gov.uk/RWG103243_1.jpg",
				"PHOTO2_URL" : "https://cycleassetimages.data.tfl.gov.uk/RWG103243_2.jpg"
			}
		},
		{
			"type" : "Feature",
			"geometry" : {
				"type" : "Point",
				"coordinates" : [ -0.186538314, 51.4638292148 ]
			},
			"properties" : {
				"FEATURE_ID" : "RWG110603",
				"SVDATE" : "2017-08-10",
				"RST_STEPS" : "TRUE",
				"RST_LIFT" : "FALSE",
				"BOROUGH" : "Wandsworth",
				"PHOTO1_URL" : "https://cycleassetimages.data.tfl.gov.uk/RWG110603_1.jpg",
				"PHOTO2_URL" : "https://cycleassetimages.data.tfl.gov.uk/RWG110603_2.jpg"
			}
		},
		{
			"type" : "Feature",
			"geometry" : {
				"type" : "Point",
				"coordinates" : [ -0.0496853884, 51.4505218374 ]
			},
			"properties" : {
				"FEATURE_ID" : "RWG103239",
				"SVDATE" : "2017-08-23",
				"RST_STEPS" : "TRUE",
				"RST_LIFT" : "FALSE",
				"BOROUGH" : "Southwark",
				"PHOTO1_URL" : "https://cycleassetimages.data.tfl.gov.uk/RWG103239_1.jpg",
				"PHOTO2_URL" : "https://cycleassetimages.data.tfl.gov.uk/RWG103239_2.jpg"
			}
		},
		{
			"type" : "Feature",
			"geometry" : {
				"type" : "Point",
				"coordinates" : [ -0.0520501856, 51.4505333064 ]
			},
			"properties" : {
				"FEATURE_ID" : "RWG103240",
				"SVDATE" : "2017-08-23",
				"RST_STEPS" : "TRUE",
				"RST_LIFT" : "FALSE",
				"BOROUGH" : "Southwark",
				"PHOTO1_URL" : "https://cycleassetimages.data.tfl.gov.uk/RWG103240_1.jpg",
				"PHOTO2_URL" : "https://cycleassetimages.data.tfl.gov.uk/RWG103240_2.jpg"
			}
		},
		{
			"type" : "Feature",
			"geometry" : {
				"type" : "Point",
				"coordinates" : [ -0.0328204422, 51.4983148032 ]
			},
			"properties" : {
				"FEATURE_ID" : "RWG999728",
				"SVDATE" : "2018-05-10",
				"RST_STEPS" : "FALSE",
				"RST_LIFT" : "FALSE",
				"BOROUGH" : "Southwark",
				"PHOTO1_URL" : "https://cycleassetimages.data.tfl.gov.uk/RWG999728_1.jpg",
				"PHOTO2_URL" : "https://cycleassetimages.data.tfl.gov.uk/RWG999728_2.jpg"
			}
		},
		{
			"type" : "Feature",
			"geometry" : {
				"type" : "Point",
				"coordinates" : [ -0.0917311523, 51.4647093777 ]
			},
			"properties" : {
				"FEATURE_ID" : "RWG103244",
				"SVDATE" : "2017-11-02",
				"RST_STEPS" : "TRUE",
				"RST_LIFT" : "FALSE",
				"BOROUGH" : "Lambeth",
				"PHOTO1_URL" : "https://cycleassetimages.data.tfl.gov.uk/RWG103244_1.jpg",
				"PHOTO2_URL" : "https://cycleassetimages.data.tfl.gov.uk/RWG103244_2.jpg"
			}
		},
		{
			"type" : "Feature",
			"geometry" : {
				"type" : "Point",
				"coordinates" : [ -0.1174752529, 51.4507840714 ]
			},
			"properties" : {
				"FEATURE_ID" : "RWG098555",
				"SVDATE" : "2017-08-14",
				"RST_STEPS" : "TRUE",
				"RST_LIFT" : "FALSE",
				"BOROUGH" : "Lambeth",
				"PHOTO1_URL" : "https://cycleassetimages.data.tfl.gov.uk/RWG098555_1.jpg",
				"PHOTO2_URL" : "https://cycleassetimages.data.tfl.gov.uk/RWG098555_2.jpg"
			}
		},
		{
			"type" : "Feature",
			"geometry" : {
				"type" : "Point",
				"coordinates" : [ -0.0409325013, 51.5684053767 ]
			},
			"properties" : {
				"FEATURE_ID" : "RWG149079",
				"SVDATE" : "2017-09-25",
				"RST_STEPS" : "TRUE",
				"RST_LIFT" : "FALSE",
				"BOROUGH" : "Waltham Forest",
				"PHOTO1_URL" : "https://cycleassetimages.data.tfl.gov.uk/RWG149079_1.jpg",
				"PHOTO2_URL" : "https://cycleassetimages.data.tfl.gov.uk/RWG149079_2.jpg"
			}
		},
		{
			"type" : "Feature",
			"geometry" : {
				"type" : "Point",
				"coordinates" : [ -0.0406649126, 51.5685709004 ]
			},
			"properties" : {
				"FEATURE_ID" : "RWG149080",
				"SVDATE" : "2017-09-25",
				"RST_STEPS" : "TRUE",
				"RST_LIFT" : "FALSE",
				"BOROUGH" : "Waltham Forest",
				"PHOTO1_URL" : "https://cycleassetimages.data.tfl.gov.uk/RWG149080_1.jpg",
				"PHOTO2_URL" : "https://cycleassetimages.data.tfl.gov.uk/RWG149080_2.jpg"
			}
		},
		{
			"type" : "Feature",
			"geometry" : {
				"type" : "Point",
				"coordinates" : [ -0.0871953522, 51.6159089717 ]
			},
			"properties" : {
				"FEATURE_ID" : "RWG149082",
				"SVDATE" : "2017-09-26",
				"RST_STEPS" : "TRUE",
				"RST_LIFT" : "FALSE",
				"BOROUGH" : "Enfield",
				"PHOTO1_URL" : "https://cycleassetimages.data.tfl.gov.uk/RWG149082_1.jpg",
				"PHOTO2_URL" : "https://cycleassetimages.data.tfl.gov.uk/RWG149082_2.jpg"
			}
		},
		{
			"type" : "Feature",
			"geometry" : {
				"type" : "Point",
				"coordinates" : [ -0.0958399744, 51.6162607355 ]
			},
			"properties" : {
				"FEATURE_ID" : "RWG149077",
				"SVDATE" : "2017-09-21",
				"RST_STEPS" : "TRUE",
				"RST_LIFT" : "FALSE",
				"BOROUGH" : "Enfield",
				"PHOTO1_URL" : "https://cycleassetimages.data.tfl.gov.uk/RWG149077_1.jpg",
				"PHOTO2_URL" : "https://cycleassetimages.data.tfl.gov.uk/RWG149077_2.jpg"
			}
		},
		{
			"type" : "Feature",
			"geometry" : {
				"type" : "Point",
				"coordinates" : [ -0.0959310055, 51.6165187078 ]
			},
			"properties" : {
				"FEATURE_ID" : "RWG149078",
				"SVDATE" : "2017-09-21",
				"RST_STEPS" : "TRUE",
				"RST_LIFT" : "FALSE",
				"BOROUGH" : "Enfield",
				"PHOTO1_URL" : "https://cycleassetimages.data.tfl.gov.uk/RWG149078_1.jpg",
				"PHOTO2_URL" : "https://cycleassetimages.data.tfl.gov.uk/RWG149078_2.jpg"
			}
		},
		{
			"type" : "Feature",
			"geometry" : {
				"type" : "Point",
				"coordinates" : [ -0.0862813575, 51.6159400873 ]
			},
			"properties" : {
				"FEATURE_ID" : "RWG149081",
				"SVDATE" : "2017-09-26",
				"RST_STEPS" : "TRUE",
				"RST_LIFT" : "FALSE",
				"BOROUGH" : "Enfield",
				"PHOTO1_URL" : "https://cycleassetimages.data.tfl.gov.uk/RWG149081_1.jpg",
				"PHOTO2_URL" : "https://cycleassetimages.data.tfl.gov.uk/RWG149081_2.jpg"
			}
		},
		{
			"type" : "Feature",
			"geometry" : {
				"type" : "Point",
				"coordinates" : [ -0.0583678924, 51.5731674492 ]
			},
			"properties" : {
				"FEATURE_ID" : "RWG149085",
				"SVDATE" : "2017-10-04",
				"RST_STEPS" : "TRUE",
				"RST_LIFT" : "FALSE",
				"BOROUGH" : "Waltham Forest",
				"PHOTO1_URL" : "https://cycleassetimages.data.tfl.gov.uk/RWG149085_1.jpg",
				"PHOTO2_URL" : "https://cycleassetimages.data.tfl.gov.uk/RWG149085_2.jpg"
			}
		},
		{
			"type" : "Feature",
			"geometry" : {
				"type" : "Point",
				"coordinates" : [ -0.0292153501, 51.6029928212 ]
			},
			"properties" : {
				"FEATURE_ID" : "RWG276287",
				"SVDATE" : "2018-03-13",
				"RST_STEPS" : "TRUE",
				"RST_LIFT" : "FALSE",
				"BOROUGH" : "Waltham Forest",
				"PHOTO1_URL" : "https://cycleassetimages.data.tfl.gov.uk/RWG276287_1.jpg",
				"PHOTO2_URL" : "https://cycleassetimages.data.tfl.gov.uk/RWG276287_2.jpg"
			}
		},
		{
			"type" : "Feature",
			"geometry" : {
				"type" : "Point",
				"coordinates" : [ -0.0869248973, 51.6168451079 ]
			},
			"properties" : {
				"FEATURE_ID" : "RWG149083",
				"SVDATE" : "2017-09-26",
				"RST_STEPS" : "TRUE",
				"RST_LIFT" : "FALSE",
				"BOROUGH" : "Enfield",
				"PHOTO1_URL" : "https://cycleassetimages.data.tfl.gov.uk/RWG149083_1.jpg",
				"PHOTO2_URL" : "https://cycleassetimages.data.tfl.gov.uk/RWG149083_2.jpg"
			}
		},
		{
			"type" : "Feature",
			"geometry" : {
				"type" : "Point",
				"coordinates" : [ -0.0859082817, 51.6166580258 ]
			},
			"properties" : {
				"FEATURE_ID" : "RWG149084",
				"SVDATE" : "2017-09-26",
				"RST_STEPS" : "TRUE",
				"RST_LIFT" : "FALSE",
				"BOROUGH" : "Enfield",
				"PHOTO1_URL" : "https://cycleassetimages.data.tfl.gov.uk/RWG149084_1.jpg",
				"PHOTO2_URL" : "https://cycleassetimages.data.tfl.gov.uk/RWG149084_2.jpg"
			}
		},
		{
			"type" : "Feature",
			"geometry" : {
				"type" : "Point",
				"coordinates" : [ -0.3021843455, 51.4526961237 ]
			},
			"properties" : {
				"FEATURE_ID" : "RWG277934",
				"SVDATE" : "2018-03-14",
				"RST_STEPS" : "TRUE",
				"RST_LIFT" : "FALSE",
				"BOROUGH" : "Richmond upon Thames",
				"PHOTO1_URL" : "https://cycleassetimages.data.tfl.gov.uk/RWG277934_1.jpg",
				"PHOTO2_URL" : "https://cycleassetimages.data.tfl.gov.uk/RWG277934_2.jpg"
			}
		},
		{
			"type" : "Feature",
			"geometry" : {
				"type" : "Point",
				"coordinates" : [ -0.3017656344, 51.4519916759 ]
			},
			"properties" : {
				"FEATURE_ID" : "RWG277935",
				"SVDATE" : "2018-03-14",
				"RST_STEPS" : "TRUE",
				"RST_LIFT" : "FALSE",
				"BOROUGH" : "Richmond upon Thames",
				"PHOTO1_URL" : "https://cycleassetimages.data.tfl.gov.uk/RWG277935_1.jpg",
				"PHOTO2_URL" : "https://cycleassetimages.data.tfl.gov.uk/RWG277935_2.jpg"
			}
		},
		{
			"type" : "Feature",
			"geometry" : {
				"type" : "Point",
				"coordinates" : [ 0.0329871016, 51.516843395 ]
			},
			"properties" : {
				"FEATURE_ID" : "RWG171850",
				"SVDATE" : "2017-11-08",
				"RST_STEPS" : "TRUE",
				"RST_LIFT" : "FALSE",
				"BOROUGH" : "Newham",
				"PHOTO1_URL" : "https://cycleassetimages.data.tfl.gov.uk/RWG171850_1.jpg",
				"PHOTO2_URL" : "https://cycleassetimages.data.tfl.gov.uk/RWG171850_2.jpg"
			}
		},
		{
			"type" : "Feature",
			"geometry" : {
				"type" : "Point",
				"coordinates" : [ 0.1357293383, 51.4830043322 ]
			},
			"properties" : {
				"FEATURE_ID" : "RWG276725",
				"SVDATE" : "2018-03-14",
				"RST_STEPS" : "TRUE",
				"RST_LIFT" : "FALSE",
				"BOROUGH" : "Bexley",
				"PHOTO1_URL" : "https://cycleassetimages.data.tfl.gov.uk/RWG276725_1.jpg",
				"PHOTO2_URL" : "https://cycleassetimages.data.tfl.gov.uk/RWG276725_2.jpg"
			}
		},
		{
			"type" : "Feature",
			"geometry" : {
				"type" : "Point",
				"coordinates" : [ 0.1281483637, 51.4915877852 ]
			},
			"properties" : {
				"FEATURE_ID" : "RWG276853",
				"SVDATE" : "2018-03-14",
				"RST_STEPS" : "TRUE",
				"RST_LIFT" : "FALSE",
				"BOROUGH" : "Bexley",
				"PHOTO1_URL" : "https://cycleassetimages.data.tfl.gov.uk/RWG276853_1.jpg",
				"PHOTO2_URL" : "https://cycleassetimages.data.tfl.gov.uk/RWG276853_2.jpg"
			}
		},
		{
			"type" : "Feature",
			"geometry" : {
				"type" : "Point",
				"coordinates" : [ 0.1280967953, 51.4899651322 ]
			},
			"properties" : {
				"FEATURE_ID" : "RWG276726",
				"SVDATE" : "2018-03-14",
				"RST_STEPS" : "TRUE",
				"RST_LIFT" : "FALSE",
				"BOROUGH" : "Bexley",
				"PHOTO1_URL" : "https://cycleassetimages.data.tfl.gov.uk/RWG276726_1.jpg",
				"PHOTO2_URL" : "https://cycleassetimages.data.tfl.gov.uk/RWG276726_2.jpg"
			}
		},
		{
			"type" : "Feature",
			"geometry" : {
				"type" : "Point",
				"coordinates" : [ 0.1117902497, 51.5014092947 ]
			},
			"properties" : {
				"FEATURE_ID" : "RWG171852",
				"SVDATE" : "2017-11-17",
				"RST_STEPS" : "TRUE",
				"RST_LIFT" : "FALSE",
				"BOROUGH" : "Greenwich",
				"PHOTO1_URL" : "https://cycleassetimages.data.tfl.gov.uk/RWG171852_1.jpg",
				"PHOTO2_URL" : "https://cycleassetimages.data.tfl.gov.uk/RWG171852_2.jpg"
			}
		},
		{
			"type" : "Feature",
			"geometry" : {
				"type" : "Point",
				"coordinates" : [ 0.1116815587, 51.5012536926 ]
			},
			"properties" : {
				"FEATURE_ID" : "RWG171853",
				"SVDATE" : "2017-11-17",
				"RST_STEPS" : "TRUE",
				"RST_LIFT" : "FALSE",
				"BOROUGH" : "Greenwich",
				"PHOTO1_URL" : "https://cycleassetimages.data.tfl.gov.uk/RWG171853_1.jpg",
				"PHOTO2_URL" : "https://cycleassetimages.data.tfl.gov.uk/RWG171853_2.jpg"
			}
		},
		{
			"type" : "Feature",
			"geometry" : {
				"type" : "Point",
				"coordinates" : [ 0.0997612186, 51.4781158467 ]
			},
			"properties" : {
				"FEATURE_ID" : "RWG244292",
				"SVDATE" : "2018-02-19",
				"RST_STEPS" : "TRUE",
				"RST_LIFT" : "FALSE",
				"BOROUGH" : "Greenwich",
				"PHOTO1_URL" : "https://cycleassetimages.data.tfl.gov.uk/RWG244292_1.jpg",
				"PHOTO2_URL" : "https://cycleassetimages.data.tfl.gov.uk/RWG244292_2.jpg"
			}
		},
		{
			"type" : "Feature",
			"geometry" : {
				"type" : "Point",
				"coordinates" : [ 0.0904763129, 51.5023872765 ]
			},
			"properties" : {
				"FEATURE_ID" : "RWG244293",
				"SVDATE" : "2018-02-19",
				"RST_STEPS" : "TRUE",
				"RST_LIFT" : "FALSE",
				"BOROUGH" : "Greenwich",
				"PHOTO1_URL" : "https://cycleassetimages.data.tfl.gov.uk/RWG244293_1.jpg",
				"PHOTO2_URL" : "https://cycleassetimages.data.tfl.gov.uk/RWG244293_2.jpg"
			}
		},
		{
			"type" : "Feature",
			"geometry" : {
				"type" : "Point",
				"coordinates" : [ 0.0705563613, 51.4696949365 ]
			},
			"properties" : {
				"FEATURE_ID" : "RWG171851",
				"SVDATE" : "2017-11-13",
				"RST_STEPS" : "TRUE",
				"RST_LIFT" : "FALSE",
				"BOROUGH" : "Greenwich",
				"PHOTO1_URL" : "https://cycleassetimages.data.tfl.gov.uk/RWG171851_1.jpg",
				"PHOTO2_URL" : "https://cycleassetimages.data.tfl.gov.uk/RWG171851_2.jpg"
			}
		},
		{
			"type" : "Feature",
			"geometry" : {
				"type" : "Point",
				"coordinates" : [ 0.1792143169, 51.5464802464 ]
			},
			"properties" : {
				"FEATURE_ID" : "RWG289783",
				"SVDATE" : "2018-03-23",
				"RST_STEPS" : "TRUE",
				"RST_LIFT" : "FALSE",
				"BOROUGH" : "Barking & Dagenham",
				"PHOTO1_URL" : "https://cycleassetimages.data.tfl.gov.uk/RWG289783_1.jpg",
				"PHOTO2_URL" : "https://cycleassetimages.data.tfl.gov.uk/RWG289783_2.jpg"
			}
		},
		{
			"type" : "Feature",
			"geometry" : {
				"type" : "Point",
				"coordinates" : [ 0.179305415, 51.5462685751 ]
			},
			"properties" : {
				"FEATURE_ID" : "RWG289784",
				"SVDATE" : "2018-03-23",
				"RST_STEPS" : "TRUE",
				"RST_LIFT" : "FALSE",
				"BOROUGH" : "Barking & Dagenham",
				"PHOTO1_URL" : "https://cycleassetimages.data.tfl.gov.uk/RWG289784_1.jpg",
				"PHOTO2_URL" : "https://cycleassetimages.data.tfl.gov.uk/RWG289784_2.jpg"
			}
		},
		{
			"type" : "Feature",
			"geometry" : {
				"type" : "Point",
				"coordinates" : [ -0.020496996, 51.5376200494 ]
			},
			"properties" : {
				"FEATURE_ID" : "RWG157327",
				"SVDATE" : "2017-10-27",
				"RST_STEPS" : "TRUE",
				"RST_LIFT" : "FALSE",
				"BOROUGH" : "Newham",
				"PHOTO1_URL" : "https://cycleassetimages.data.tfl.gov.uk/RWG157327_1.jpg",
				"PHOTO2_URL" : "https://cycleassetimages.data.tfl.gov.uk/RWG157327_2.jpg"
			}
		},
		{
			"type" : "Feature",
			"geometry" : {
				"type" : "Point",
				"coordinates" : [ -0.0170236097, 51.5370873124 ]
			},
			"properties" : {
				"FEATURE_ID" : "RWG157328",
				"SVDATE" : "2017-10-27",
				"RST_STEPS" : "TRUE",
				"RST_LIFT" : "FALSE",
				"BOROUGH" : "Newham",
				"PHOTO1_URL" : "https://cycleassetimages.data.tfl.gov.uk/RWG157328_1.jpg",
				"PHOTO2_URL" : "https://cycleassetimages.data.tfl.gov.uk/RWG157328_2.jpg"
			}
		},
		{
			"type" : "Feature",
			"geometry" : {
				"type" : "Point",
				"coordinates" : [ -0.017180717, 51.5371207673 ]
			},
			"properties" : {
				"FEATURE_ID" : "RWG157329",
				"SVDATE" : "2017-10-27",
				"RST_STEPS" : "TRUE",
				"RST_LIFT" : "FALSE",
				"BOROUGH" : "Newham",
				"PHOTO1_URL" : "https://cycleassetimages.data.tfl.gov.uk/RWG157329_1.jpg",
				"PHOTO2_URL" : "https://cycleassetimages.data.tfl.gov.uk/RWG157329_2.jpg"
			}
		},
		{
			"type" : "Feature",
			"geometry" : {
				"type" : "Point",
				"coordinates" : [ -0.0118556661, 51.540773542 ]
			},
			"properties" : {
				"FEATURE_ID" : "RWG157330",
				"SVDATE" : "2017-10-29",
				"RST_STEPS" : "TRUE",
				"RST_LIFT" : "FALSE",
				"BOROUGH" : "Newham",
				"PHOTO1_URL" : "https://cycleassetimages.data.tfl.gov.uk/RWG157330_1.jpg",
				"PHOTO2_URL" : "https://cycleassetimages.data.tfl.gov.uk/RWG157330_2.jpg"
			}
		},
		{
			"type" : "Feature",
			"geometry" : {
				"type" : "Point",
				"coordinates" : [ -0.0095010267, 51.5395652363 ]
			},
			"properties" : {
				"FEATURE_ID" : "RWG157333",
				"SVDATE" : "2017-10-29",
				"RST_STEPS" : "TRUE",
				"RST_LIFT" : "FALSE",
				"BOROUGH" : "Newham",
				"PHOTO1_URL" : "https://cycleassetimages.data.tfl.gov.uk/RWG157333_1.jpg",
				"PHOTO2_URL" : "https://cycleassetimages.data.tfl.gov.uk/RWG157333_2.jpg"
			}
		},
		{
			"type" : "Feature",
			"geometry" : {
				"type" : "Point",
				"coordinates" : [ -0.0116941536, 51.5404595129 ]
			},
			"properties" : {
				"FEATURE_ID" : "RWG157331",
				"SVDATE" : "2017-10-29",
				"RST_STEPS" : "TRUE",
				"RST_LIFT" : "FALSE",
				"BOROUGH" : "Newham",
				"PHOTO1_URL" : "https://cycleassetimages.data.tfl.gov.uk/RWG157331_1.jpg",
				"PHOTO2_URL" : "https://cycleassetimages.data.tfl.gov.uk/RWG157331_2.jpg"
			}
		},
		{
			"type" : "Feature",
			"geometry" : {
				"type" : "Point",
				"coordinates" : [ -0.0097724377, 51.5394326078 ]
			},
			"properties" : {
				"FEATURE_ID" : "RWG157332",
				"SVDATE" : "2017-10-29",
				"RST_STEPS" : "TRUE",
				"RST_LIFT" : "FALSE",
				"BOROUGH" : "Newham",
				"PHOTO1_URL" : "https://cycleassetimages.data.tfl.gov.uk/RWG157332_1.jpg",
				"PHOTO2_URL" : "https://cycleassetimages.data.tfl.gov.uk/RWG157332_2.jpg"
			}
		},
		{
			"type" : "Feature",
			"geometry" : {
				"type" : "Point",
				"coordinates" : [ 0.0411714316, 51.4420938466 ]
			},
			"properties" : {
				"FEATURE_ID" : "RWG198027",
				"SVDATE" : "2017-11-14",
				"RST_STEPS" : "TRUE",
				"RST_LIFT" : "FALSE",
				"BOROUGH" : "Greenwich",
				"PHOTO1_URL" : "https://cycleassetimages.data.tfl.gov.uk/RWG198027_1.jpg",
				"PHOTO2_URL" : "https://cycleassetimages.data.tfl.gov.uk/RWG198027_2.jpg"
			}
		},
		{
			"type" : "Feature",
			"geometry" : {
				"type" : "Point",
				"coordinates" : [ -0.0241672942, 51.4829697448 ]
			},
			"properties" : {
				"FEATURE_ID" : "RWG276881",
				"SVDATE" : "2018-02-26",
				"RST_STEPS" : "TRUE",
				"RST_LIFT" : "FALSE",
				"BOROUGH" : "Greenwich",
				"PHOTO1_URL" : "https://cycleassetimages.data.tfl.gov.uk/RWG276881_1.jpg",
				"PHOTO2_URL" : "https://cycleassetimages.data.tfl.gov.uk/RWG276881_2.jpg"
			}
		},
		{
			"type" : "Feature",
			"geometry" : {
				"type" : "Point",
				"coordinates" : [ 0.0344212443, 51.602966052 ]
			},
			"properties" : {
				"FEATURE_ID" : "RWG289785",
				"SVDATE" : "2018-03-28",
				"RST_STEPS" : "TRUE",
				"RST_LIFT" : "FALSE",
				"BOROUGH" : "Redbridge",
				"PHOTO1_URL" : "https://cycleassetimages.data.tfl.gov.uk/RWG289785_1.jpg",
				"PHOTO2_URL" : "https://cycleassetimages.data.tfl.gov.uk/RWG289785_2.jpg"
			}
		},
		{
			"type" : "Feature",
			"geometry" : {
				"type" : "Point",
				"coordinates" : [ 0.0343510457, 51.6028126271 ]
			},
			"properties" : {
				"FEATURE_ID" : "RWG289786",
				"SVDATE" : "2018-03-28",
				"RST_STEPS" : "TRUE",
				"RST_LIFT" : "FALSE",
				"BOROUGH" : "Redbridge",
				"PHOTO1_URL" : "https://cycleassetimages.data.tfl.gov.uk/RWG289786_1.jpg",
				"PHOTO2_URL" : "https://cycleassetimages.data.tfl.gov.uk/RWG289786_2.jpg"
			}
		},
		{
			"type" : "Feature",
			"geometry" : {
				"type" : "Point",
				"coordinates" : [ -0.0317390772, 51.488179294 ]
			},
			"properties" : {
				"FEATURE_ID" : "RWG276882",
				"SVDATE" : "2018-02-26",
				"RST_STEPS" : "TRUE",
				"RST_LIFT" : "FALSE",
				"BOROUGH" : "Lewisham",
				"PHOTO1_URL" : "https://cycleassetimages.data.tfl.gov.uk/RWG276882_1.jpg",
				"PHOTO2_URL" : "https://cycleassetimages.data.tfl.gov.uk/RWG276882_2.jpg"
			}
		},
		{
			"type" : "Feature",
			"geometry" : {
				"type" : "Point",
				"coordinates" : [ -0.030176523, 51.4776545652 ]
			},
			"properties" : {
				"FEATURE_ID" : "RWG198028",
				"SVDATE" : "2017-11-21",
				"RST_STEPS" : "TRUE",
				"RST_LIFT" : "FALSE",
				"BOROUGH" : "Lewisham",
				"PHOTO1_URL" : "https://cycleassetimages.data.tfl.gov.uk/RWG198028_1.jpg",
				"PHOTO2_URL" : "https://cycleassetimages.data.tfl.gov.uk/RWG198028_2.jpg"
			}
		},
		{
			"type" : "Feature",
			"geometry" : {
				"type" : "Point",
				"coordinates" : [ -0.0239613308, 51.4799667861 ]
			},
			"properties" : {
				"FEATURE_ID" : "RWG198030",
				"SVDATE" : "2017-11-22",
				"RST_STEPS" : "TRUE",
				"RST_LIFT" : "FALSE",
				"BOROUGH" : "Lewisham",
				"PHOTO1_URL" : "https://cycleassetimages.data.tfl.gov.uk/RWG198030_1.jpg",
				"PHOTO2_URL" : "https://cycleassetimages.data.tfl.gov.uk/RWG198030_2.jpg"
			}
		},
		{
			"type" : "Feature",
			"geometry" : {
				"type" : "Point",
				"coordinates" : [ -0.1340748211, 51.3131992227 ]
			},
			"properties" : {
				"FEATURE_ID" : "RWG290581",
				"SVDATE" : "2018-03-20",
				"RST_STEPS" : "TRUE",
				"RST_LIFT" : "FALSE",
				"BOROUGH" : "Croydon",
				"PHOTO1_URL" : "https://cycleassetimages.data.tfl.gov.uk/RWG290581_1.jpg",
				"PHOTO2_URL" : "https://cycleassetimages.data.tfl.gov.uk/RWG290581_2.jpg"
			}
		},
		{
			"type" : "Feature",
			"geometry" : {
				"type" : "Point",
				"coordinates" : [ -0.1366304483, 51.3130458627 ]
			},
			"properties" : {
				"FEATURE_ID" : "RWG290584",
				"SVDATE" : "2018-04-04",
				"RST_STEPS" : "TRUE",
				"RST_LIFT" : "FALSE",
				"BOROUGH" : "Croydon",
				"PHOTO1_URL" : "https://cycleassetimages.data.tfl.gov.uk/RWG290584_1.jpg",
				"PHOTO2_URL" : "https://cycleassetimages.data.tfl.gov.uk/RWG290584_2.jpg"
			}
		},
		{
			"type" : "Feature",
			"geometry" : {
				"type" : "Point",
				"coordinates" : [ -0.1277219554, 51.3163722431 ]
			},
			"properties" : {
				"FEATURE_ID" : "RWG290580",
				"SVDATE" : "2018-03-20",
				"RST_STEPS" : "TRUE",
				"RST_LIFT" : "FALSE",
				"BOROUGH" : "Croydon",
				"PHOTO1_URL" : "https://cycleassetimages.data.tfl.gov.uk/RWG290580_1.jpg",
				"PHOTO2_URL" : "https://cycleassetimages.data.tfl.gov.uk/RWG290580_2.jpg"
			}
		},
		{
			"type" : "Feature",
			"geometry" : {
				"type" : "Point",
				"coordinates" : [ -0.1387889121, 51.3111269646 ]
			},
			"properties" : {
				"FEATURE_ID" : "RWG290586",
				"SVDATE" : "2018-04-04",
				"RST_STEPS" : "TRUE",
				"RST_LIFT" : "FALSE",
				"BOROUGH" : "Croydon",
				"PHOTO1_URL" : "https://cycleassetimages.data.tfl.gov.uk/RWG290586_1.jpg",
				"PHOTO2_URL" : "https://cycleassetimages.data.tfl.gov.uk/RWG290586_2.jpg"
			}
		},
		{
			"type" : "Feature",
			"geometry" : {
				"type" : "Point",
				"coordinates" : [ -0.0054638531, 51.4748835403 ]
			},
			"properties" : {
				"FEATURE_ID" : "RWG276884",
				"SVDATE" : "2018-03-09",
				"RST_STEPS" : "TRUE",
				"RST_LIFT" : "FALSE",
				"BOROUGH" : "Greenwich",
				"PHOTO1_URL" : "https://cycleassetimages.data.tfl.gov.uk/RWG276884_1.jpg",
				"PHOTO2_URL" : "https://cycleassetimages.data.tfl.gov.uk/RWG276884_2.jpg"
			}
		},
		{
			"type" : "Feature",
			"geometry" : {
				"type" : "Point",
				"coordinates" : [ -0.0054474426, 51.4748888602 ]
			},
			"properties" : {
				"FEATURE_ID" : "RWG276883",
				"SVDATE" : "2018-03-09",
				"RST_STEPS" : "TRUE",
				"RST_LIFT" : "FALSE",
				"BOROUGH" : "Greenwich",
				"PHOTO1_URL" : "https://cycleassetimages.data.tfl.gov.uk/RWG276883_1.jpg",
				"PHOTO2_URL" : "https://cycleassetimages.data.tfl.gov.uk/RWG276883_2.jpg"
			}
		},
		{
			"type" : "Feature",
			"geometry" : {
				"type" : "Point",
				"coordinates" : [ -0.0281850121, 51.4335455938 ]
			},
			"properties" : {
				"FEATURE_ID" : "RWG291878",
				"SVDATE" : "2018-04-25",
				"RST_STEPS" : "TRUE",
				"RST_LIFT" : "FALSE",
				"BOROUGH" : "Lewisham",
				"PHOTO1_URL" : "https://cycleassetimages.data.tfl.gov.uk/RWG291878_1.jpg",
				"PHOTO2_URL" : "https://cycleassetimages.data.tfl.gov.uk/RWG291878_2.jpg"
			}
		},
		{
			"type" : "Feature",
			"geometry" : {
				"type" : "Point",
				"coordinates" : [ -0.0642828999, 51.4411366342 ]
			},
			"properties" : {
				"FEATURE_ID" : "RWG291877",
				"SVDATE" : "2018-04-25",
				"RST_STEPS" : "TRUE",
				"RST_LIFT" : "FALSE",
				"BOROUGH" : "Lewisham",
				"PHOTO1_URL" : "https://cycleassetimages.data.tfl.gov.uk/RWG291877_1.jpg",
				"PHOTO2_URL" : "https://cycleassetimages.data.tfl.gov.uk/RWG291877_2.jpg"
			}
		},
		{
			"type" : "Feature",
			"geometry" : {
				"type" : "Point",
				"coordinates" : [ -0.0981708784, 51.3827713105 ]
			},
			"properties" : {
				"FEATURE_ID" : "RWG207936",
				"SVDATE" : "2018-02-07",
				"RST_STEPS" : "TRUE",
				"RST_LIFT" : "FALSE",
				"BOROUGH" : "Croydon",
				"PHOTO1_URL" : "https://cycleassetimages.data.tfl.gov.uk/RWG207936_1.jpg",
				"PHOTO2_URL" : "https://cycleassetimages.data.tfl.gov.uk/RWG207936_2.jpg"
			}
		},
		{
			"type" : "Feature",
			"geometry" : {
				"type" : "Point",
				"coordinates" : [ -0.1354947715, 51.3143231981 ]
			},
			"properties" : {
				"FEATURE_ID" : "RWG290582",
				"SVDATE" : "2018-03-21",
				"RST_STEPS" : "TRUE",
				"RST_LIFT" : "FALSE",
				"BOROUGH" : "Croydon",
				"PHOTO1_URL" : "https://cycleassetimages.data.tfl.gov.uk/RWG290582_1.jpg",
				"PHOTO2_URL" : "https://cycleassetimages.data.tfl.gov.uk/RWG290582_2.jpg"
			}
		},
		{
			"type" : "Feature",
			"geometry" : {
				"type" : "Point",
				"coordinates" : [ -0.0435785332, 51.3436466475 ]
			},
			"properties" : {
				"FEATURE_ID" : "RWG290583",
				"SVDATE" : "2018-03-29",
				"RST_STEPS" : "TRUE",
				"RST_LIFT" : "FALSE",
				"BOROUGH" : "Croydon",
				"PHOTO1_URL" : "https://cycleassetimages.data.tfl.gov.uk/RWG290583_1.jpg",
				"PHOTO2_URL" : "https://cycleassetimages.data.tfl.gov.uk/RWG290583_2.jpg"
			}
		},
		{
			"type" : "Feature",
			"geometry" : {
				"type" : "Point",
				"coordinates" : [ -0.3535564839, 51.4784834443 ]
			},
			"properties" : {
				"FEATURE_ID" : "RWG233460",
				"SVDATE" : "2018-01-11",
				"RST_STEPS" : "TRUE",
				"RST_LIFT" : "FALSE",
				"BOROUGH" : "Hounslow",
				"PHOTO1_URL" : "https://cycleassetimages.data.tfl.gov.uk/RWG233460_1.jpg",
				"PHOTO2_URL" : "https://cycleassetimages.data.tfl.gov.uk/RWG233460_2.jpg"
			}
		},
		{
			"type" : "Feature",
			"geometry" : {
				"type" : "Point",
				"coordinates" : [ -0.1373673316, 51.3123012536 ]
			},
			"properties" : {
				"FEATURE_ID" : "RWG290585",
				"SVDATE" : "2018-04-04",
				"RST_STEPS" : "TRUE",
				"RST_LIFT" : "FALSE",
				"BOROUGH" : "Croydon",
				"PHOTO1_URL" : "https://cycleassetimages.data.tfl.gov.uk/RWG290585_1.jpg",
				"PHOTO2_URL" : "https://cycleassetimages.data.tfl.gov.uk/RWG290585_2.jpg"
			}
		},
		{
			"type" : "Feature",
			"geometry" : {
				"type" : "Point",
				"coordinates" : [ -0.1101763404, 51.3258873265 ]
			},
			"properties" : {
				"FEATURE_ID" : "RWG290588",
				"SVDATE" : "2018-04-06",
				"RST_STEPS" : "TRUE",
				"RST_LIFT" : "FALSE",
				"BOROUGH" : "Croydon",
				"PHOTO1_URL" : "https://cycleassetimages.data.tfl.gov.uk/RWG290588_1.jpg",
				"PHOTO2_URL" : "https://cycleassetimages.data.tfl.gov.uk/RWG290588_2.jpg"
			}
		},
		{
			"type" : "Feature",
			"geometry" : {
				"type" : "Point",
				"coordinates" : [ -0.0308970047, 51.362817361 ]
			},
			"properties" : {
				"FEATURE_ID" : "RWG999316",
				"SVDATE" : "2018-08-21",
				"RST_STEPS" : "FALSE",
				"RST_LIFT" : "FALSE",
				"BOROUGH" : "Croydon",
				"PHOTO1_URL" : "https://cycleassetimages.data.tfl.gov.uk/no_asset_photo.png",
				"PHOTO2_URL" : "https://cycleassetimages.data.tfl.gov.uk/no_asset_photo.png"
			}
		},
		{
			"type" : "Feature",
			"geometry" : {
				"type" : "Point",
				"coordinates" : [ -0.1257219422, 51.3129336361 ]
			},
			"properties" : {
				"FEATURE_ID" : "RWG290579",
				"SVDATE" : "2018-03-20",
				"RST_STEPS" : "TRUE",
				"RST_LIFT" : "FALSE",
				"BOROUGH" : "Croydon",
				"PHOTO1_URL" : "https://cycleassetimages.data.tfl.gov.uk/RWG290579_1.jpg",
				"PHOTO2_URL" : "https://cycleassetimages.data.tfl.gov.uk/RWG290579_2.jpg"
			}
		},
		{
			"type" : "Feature",
			"geometry" : {
				"type" : "Point",
				"coordinates" : [ -0.1407638975, 51.3071797805 ]
			},
			"properties" : {
				"FEATURE_ID" : "RWG290587",
				"SVDATE" : "2018-04-04",
				"RST_STEPS" : "TRUE",
				"RST_LIFT" : "FALSE",
				"BOROUGH" : "Croydon",
				"PHOTO1_URL" : "https://cycleassetimages.data.tfl.gov.uk/RWG290587_1.jpg",
				"PHOTO2_URL" : "https://cycleassetimages.data.tfl.gov.uk/RWG290587_2.jpg"
			}
		},
		{
			"type" : "Feature",
			"geometry" : {
				"type" : "Point",
				"coordinates" : [ -0.3063686509, 51.457865882 ]
			},
			"properties" : {
				"FEATURE_ID" : "RWG233469",
				"SVDATE" : "2018-02-15",
				"RST_STEPS" : "TRUE",
				"RST_LIFT" : "FALSE",
				"BOROUGH" : "Richmond upon Thames",
				"PHOTO1_URL" : "https://cycleassetimages.data.tfl.gov.uk/RWG233469_1.jpg",
				"PHOTO2_URL" : "https://cycleassetimages.data.tfl.gov.uk/RWG233469_2.jpg"
			}
		},
		{
			"type" : "Feature",
			"geometry" : {
				"type" : "Point",
				"coordinates" : [ -0.3066939507, 51.4579529329 ]
			},
			"properties" : {
				"FEATURE_ID" : "RWG233470",
				"SVDATE" : "2018-02-15",
				"RST_STEPS" : "TRUE",
				"RST_LIFT" : "FALSE",
				"BOROUGH" : "Richmond upon Thames",
				"PHOTO1_URL" : "https://cycleassetimages.data.tfl.gov.uk/RWG233470_1.jpg",
				"PHOTO2_URL" : "https://cycleassetimages.data.tfl.gov.uk/RWG233470_2.jpg"
			}
		},
		{
			"type" : "Feature",
			"geometry" : {
				"type" : "Point",
				"coordinates" : [ -0.3176988549, 51.4868011823 ]
			},
			"properties" : {
				"FEATURE_ID" : "RWG233466",
				"SVDATE" : "2018-02-13",
				"RST_STEPS" : "TRUE",
				"RST_LIFT" : "FALSE",
				"BOROUGH" : "Hounslow",
				"PHOTO1_URL" : "https://cycleassetimages.data.tfl.gov.uk/RWG233466_1.jpg",
				"PHOTO2_URL" : "https://cycleassetimages.data.tfl.gov.uk/RWG233466_2.jpg"
			}
		},
		{
			"type" : "Feature",
			"geometry" : {
				"type" : "Point",
				"coordinates" : [ -0.3075779234, 51.458541709 ]
			},
			"properties" : {
				"FEATURE_ID" : "RWG233473",
				"SVDATE" : "2018-02-15",
				"RST_STEPS" : "TRUE",
				"RST_LIFT" : "FALSE",
				"BOROUGH" : "Richmond upon Thames",
				"PHOTO1_URL" : "https://cycleassetimages.data.tfl.gov.uk/RWG233473_1.jpg",
				"PHOTO2_URL" : "https://cycleassetimages.data.tfl.gov.uk/RWG233473_2.jpg"
			}
		},
		{
			"type" : "Feature",
			"geometry" : {
				"type" : "Point",
				"coordinates" : [ -0.3139196223, 51.460820512 ]
			},
			"properties" : {
				"FEATURE_ID" : "RWG233474",
				"SVDATE" : "2018-02-15",
				"RST_STEPS" : "TRUE",
				"RST_LIFT" : "FALSE",
				"BOROUGH" : "Richmond upon Thames",
				"PHOTO1_URL" : "https://cycleassetimages.data.tfl.gov.uk/RWG233474_1.jpg",
				"PHOTO2_URL" : "https://cycleassetimages.data.tfl.gov.uk/RWG233474_2.jpg"
			}
		},
		{
			"type" : "Feature",
			"geometry" : {
				"type" : "Point",
				"coordinates" : [ -0.3193654699, 51.487208624 ]
			},
			"properties" : {
				"FEATURE_ID" : "RWG233464",
				"SVDATE" : "2018-02-13",
				"RST_STEPS" : "TRUE",
				"RST_LIFT" : "FALSE",
				"BOROUGH" : "Hounslow",
				"PHOTO1_URL" : "https://cycleassetimages.data.tfl.gov.uk/RWG233464_1.jpg",
				"PHOTO2_URL" : "https://cycleassetimages.data.tfl.gov.uk/RWG233464_2.jpg"
			}
		},
		{
			"type" : "Feature",
			"geometry" : {
				"type" : "Point",
				"coordinates" : [ -0.3191502511, 51.4869747654 ]
			},
			"properties" : {
				"FEATURE_ID" : "RWG233465",
				"SVDATE" : "2018-02-13",
				"RST_STEPS" : "TRUE",
				"RST_LIFT" : "FALSE",
				"BOROUGH" : "Hounslow",
				"PHOTO1_URL" : "https://cycleassetimages.data.tfl.gov.uk/RWG233465_1.jpg",
				"PHOTO2_URL" : "https://cycleassetimages.data.tfl.gov.uk/RWG233465_2.jpg"
			}
		},
		{
			"type" : "Feature",
			"geometry" : {
				"type" : "Point",
				"coordinates" : [ -0.3135802911, 51.4606879739 ]
			},
			"properties" : {
				"FEATURE_ID" : "RWG233475",
				"SVDATE" : "2018-02-15",
				"RST_STEPS" : "TRUE",
				"RST_LIFT" : "FALSE",
				"BOROUGH" : "Richmond upon Thames",
				"PHOTO1_URL" : "https://cycleassetimages.data.tfl.gov.uk/RWG233475_1.jpg",
				"PHOTO2_URL" : "https://cycleassetimages.data.tfl.gov.uk/RWG233475_2.jpg"
			}
		},
		{
			"type" : "Feature",
			"geometry" : {
				"type" : "Point",
				"coordinates" : [ -0.2875351632, 51.4861186935 ]
			},
			"properties" : {
				"FEATURE_ID" : "RWG233476",
				"SVDATE" : "2018-02-16",
				"RST_STEPS" : "TRUE",
				"RST_LIFT" : "FALSE",
				"BOROUGH" : "Richmond upon Thames",
				"PHOTO1_URL" : "https://cycleassetimages.data.tfl.gov.uk/RWG233476_1.jpg",
				"PHOTO2_URL" : "https://cycleassetimages.data.tfl.gov.uk/RWG233476_2.jpg"
			}
		},
		{
			"type" : "Feature",
			"geometry" : {
				"type" : "Point",
				"coordinates" : [ -0.2920485242, 51.4643616471 ]
			},
			"properties" : {
				"FEATURE_ID" : "RWG233462",
				"SVDATE" : "2018-01-12",
				"RST_STEPS" : "TRUE",
				"RST_LIFT" : "FALSE",
				"BOROUGH" : "Richmond upon Thames",
				"PHOTO1_URL" : "https://cycleassetimages.data.tfl.gov.uk/RWG233462_1.jpg",
				"PHOTO2_URL" : "https://cycleassetimages.data.tfl.gov.uk/RWG233462_2.jpg"
			}
		},
		{
			"type" : "Feature",
			"geometry" : {
				"type" : "Point",
				"coordinates" : [ -0.3059269222, 51.4560572898 ]
			},
			"properties" : {
				"FEATURE_ID" : "RWG233468",
				"SVDATE" : "2018-02-15",
				"RST_STEPS" : "TRUE",
				"RST_LIFT" : "FALSE",
				"BOROUGH" : "Richmond upon Thames",
				"PHOTO1_URL" : "https://cycleassetimages.data.tfl.gov.uk/RWG233468_1.jpg",
				"PHOTO2_URL" : "https://cycleassetimages.data.tfl.gov.uk/RWG233468_2.jpg"
			}
		},
		{
			"type" : "Feature",
			"geometry" : {
				"type" : "Point",
				"coordinates" : [ -0.3069184656, 51.4581045661 ]
			},
			"properties" : {
				"FEATURE_ID" : "RWG233471",
				"SVDATE" : "2018-02-15",
				"RST_STEPS" : "TRUE",
				"RST_LIFT" : "FALSE",
				"BOROUGH" : "Richmond upon Thames",
				"PHOTO1_URL" : "https://cycleassetimages.data.tfl.gov.uk/RWG233471_1.jpg",
				"PHOTO2_URL" : "https://cycleassetimages.data.tfl.gov.uk/RWG233471_2.jpg"
			}
		},
		{
			"type" : "Feature",
			"geometry" : {
				"type" : "Point",
				"coordinates" : [ -0.3072081208, 51.458296791 ]
			},
			"properties" : {
				"FEATURE_ID" : "RWG233472",
				"SVDATE" : "2018-02-15",
				"RST_STEPS" : "TRUE",
				"RST_LIFT" : "FALSE",
				"BOROUGH" : "Richmond upon Thames",
				"PHOTO1_URL" : "https://cycleassetimages.data.tfl.gov.uk/RWG233472_1.jpg",
				"PHOTO2_URL" : "https://cycleassetimages.data.tfl.gov.uk/RWG233472_2.jpg"
			}
		},
		{
			"type" : "Feature",
			"geometry" : {
				"type" : "Point",
				"coordinates" : [ -0.2637220028, 51.4943128832 ]
			},
			"properties" : {
				"FEATURE_ID" : "RWG233452",
				"SVDATE" : "2017-12-22",
				"RST_STEPS" : "TRUE",
				"RST_LIFT" : "FALSE",
				"BOROUGH" : "Ealing",
				"PHOTO1_URL" : "https://cycleassetimages.data.tfl.gov.uk/RWG233452_1.jpg",
				"PHOTO2_URL" : "https://cycleassetimages.data.tfl.gov.uk/RWG233452_2.jpg"
			}
		},
		{
			"type" : "Feature",
			"geometry" : {
				"type" : "Point",
				"coordinates" : [ -0.2637220028, 51.4943128832 ]
			},
			"properties" : {
				"FEATURE_ID" : "RWG233453",
				"SVDATE" : "2017-12-22",
				"RST_STEPS" : "TRUE",
				"RST_LIFT" : "FALSE",
				"BOROUGH" : "Ealing",
				"PHOTO1_URL" : "https://cycleassetimages.data.tfl.gov.uk/RWG233453_1.jpg",
				"PHOTO2_URL" : "https://cycleassetimages.data.tfl.gov.uk/RWG233453_2.jpg"
			}
		},
		{
			"type" : "Feature",
			"geometry" : {
				"type" : "Point",
				"coordinates" : [ -0.2921839292, 51.4647120929 ]
			},
			"properties" : {
				"FEATURE_ID" : "RWG233459",
				"SVDATE" : "2018-01-09",
				"RST_STEPS" : "TRUE",
				"RST_LIFT" : "FALSE",
				"BOROUGH" : "Richmond upon Thames",
				"PHOTO1_URL" : "https://cycleassetimages.data.tfl.gov.uk/RWG233459_1.jpg",
				"PHOTO2_URL" : "https://cycleassetimages.data.tfl.gov.uk/RWG233459_2.jpg"
			}
		},
		{
			"type" : "Feature",
			"geometry" : {
				"type" : "Point",
				"coordinates" : [ -0.3044652639, 51.4948143583 ]
			},
			"properties" : {
				"FEATURE_ID" : "RWG291130",
				"SVDATE" : "2018-03-29",
				"RST_STEPS" : "TRUE",
				"RST_LIFT" : "FALSE",
				"BOROUGH" : "Hounslow",
				"PHOTO1_URL" : "https://cycleassetimages.data.tfl.gov.uk/RWG291130_1.jpg",
				"PHOTO2_URL" : "https://cycleassetimages.data.tfl.gov.uk/RWG291130_2.jpg"
			}
		},
		{
			"type" : "Feature",
			"geometry" : {
				"type" : "Point",
				"coordinates" : [ -0.2283502464, 51.4853128612 ]
			},
			"properties" : {
				"FEATURE_ID" : "RWG291128",
				"SVDATE" : "2018-03-29",
				"RST_STEPS" : "TRUE",
				"RST_LIFT" : "FALSE",
				"BOROUGH" : "Richmond upon Thames",
				"PHOTO1_URL" : "https://cycleassetimages.data.tfl.gov.uk/RWG291128_1.jpg",
				"PHOTO2_URL" : "https://cycleassetimages.data.tfl.gov.uk/RWG291128_2.jpg"
			}
		},
		{
			"type" : "Feature",
			"geometry" : {
				"type" : "Point",
				"coordinates" : [ -0.2530184037, 51.4723967673 ]
			},
			"properties" : {
				"FEATURE_ID" : "RWG293234",
				"SVDATE" : "2018-05-31",
				"RST_STEPS" : "TRUE",
				"RST_LIFT" : "FALSE",
				"BOROUGH" : "Richmond upon Thames",
				"PHOTO1_URL" : "https://cycleassetimages.data.tfl.gov.uk/RWG293234_1.jpg",
				"PHOTO2_URL" : "https://cycleassetimages.data.tfl.gov.uk/RWG293234_2.jpg"
			}
		},
		{
			"type" : "Feature",
			"geometry" : {
				"type" : "Point",
				"coordinates" : [ -0.3532341909, 51.4785019376 ]
			},
			"properties" : {
				"FEATURE_ID" : "RWG233461",
				"SVDATE" : "2018-01-11",
				"RST_STEPS" : "TRUE",
				"RST_LIFT" : "FALSE",
				"BOROUGH" : "Hounslow",
				"PHOTO1_URL" : "https://cycleassetimages.data.tfl.gov.uk/RWG233461_1.jpg",
				"PHOTO2_URL" : "https://cycleassetimages.data.tfl.gov.uk/RWG233461_2.jpg"
			}
		},
		{
			"type" : "Feature",
			"geometry" : {
				"type" : "Point",
				"coordinates" : [ -0.3170339455, 51.4866157047 ]
			},
			"properties" : {
				"FEATURE_ID" : "RWG233467",
				"SVDATE" : "2018-02-13",
				"RST_STEPS" : "TRUE",
				"RST_LIFT" : "FALSE",
				"BOROUGH" : "Hounslow",
				"PHOTO1_URL" : "https://cycleassetimages.data.tfl.gov.uk/RWG233467_1.jpg",
				"PHOTO2_URL" : "https://cycleassetimages.data.tfl.gov.uk/RWG233467_2.jpg"
			}
		},
		{
			"type" : "Feature",
			"geometry" : {
				"type" : "Point",
				"coordinates" : [ -0.3263717145, 51.5779168325 ]
			},
			"properties" : {
				"FEATURE_ID" : "RWG261274",
				"SVDATE" : "2018-03-07",
				"RST_STEPS" : "TRUE",
				"RST_LIFT" : "FALSE",
				"BOROUGH" : "Brent",
				"PHOTO1_URL" : "https://cycleassetimages.data.tfl.gov.uk/RWG261274_1.jpg",
				"PHOTO2_URL" : "https://cycleassetimages.data.tfl.gov.uk/RWG261274_2.jpg"
			}
		},
		{
			"type" : "Feature",
			"geometry" : {
				"type" : "Point",
				"coordinates" : [ -0.2843397162, 51.5322573305 ]
			},
			"properties" : {
				"FEATURE_ID" : "RWG292814",
				"SVDATE" : "2018-04-11",
				"RST_STEPS" : "TRUE",
				"RST_LIFT" : "FALSE",
				"BOROUGH" : "Brent",
				"PHOTO1_URL" : "https://cycleassetimages.data.tfl.gov.uk/RWG292814_1.jpg",
				"PHOTO2_URL" : "https://cycleassetimages.data.tfl.gov.uk/RWG292814_2.jpg"
			}
		},
		{
			"type" : "Feature",
			"geometry" : {
				"type" : "Point",
				"coordinates" : [ -0.2872128032, 51.4852978735 ]
			},
			"properties" : {
				"FEATURE_ID" : "RWG233477",
				"SVDATE" : "2018-02-16",
				"RST_STEPS" : "TRUE",
				"RST_LIFT" : "FALSE",
				"BOROUGH" : "Richmond upon Thames",
				"PHOTO1_URL" : "https://cycleassetimages.data.tfl.gov.uk/RWG233477_1.jpg",
				"PHOTO2_URL" : "https://cycleassetimages.data.tfl.gov.uk/RWG233477_2.jpg"
			}
		},
		{
			"type" : "Feature",
			"geometry" : {
				"type" : "Point",
				"coordinates" : [ -0.2875553027, 51.4852969828 ]
			},
			"properties" : {
				"FEATURE_ID" : "RWG233478",
				"SVDATE" : "2018-02-16",
				"RST_STEPS" : "TRUE",
				"RST_LIFT" : "FALSE",
				"BOROUGH" : "Richmond upon Thames",
				"PHOTO1_URL" : "https://cycleassetimages.data.tfl.gov.uk/RWG233478_1.jpg",
				"PHOTO2_URL" : "https://cycleassetimages.data.tfl.gov.uk/RWG233478_2.jpg"
			}
		},
		{
			"type" : "Feature",
			"geometry" : {
				"type" : "Point",
				"coordinates" : [ -0.2638419336, 51.4945667902 ]
			},
			"properties" : {
				"FEATURE_ID" : "RWG233454",
				"SVDATE" : "2017-12-22",
				"RST_STEPS" : "TRUE",
				"RST_LIFT" : "FALSE",
				"BOROUGH" : "Ealing",
				"PHOTO1_URL" : "https://cycleassetimages.data.tfl.gov.uk/RWG233454_1.jpg",
				"PHOTO2_URL" : "https://cycleassetimages.data.tfl.gov.uk/RWG233454_2.jpg"
			}
		},
		{
			"type" : "Feature",
			"geometry" : {
				"type" : "Point",
				"coordinates" : [ -0.1744479702, 51.3993297876 ]
			},
			"properties" : {
				"FEATURE_ID" : "RWG290589",
				"SVDATE" : "2018-04-09",
				"RST_STEPS" : "TRUE",
				"RST_LIFT" : "FALSE",
				"BOROUGH" : "Merton",
				"PHOTO1_URL" : "https://cycleassetimages.data.tfl.gov.uk/RWG290589_1.jpg",
				"PHOTO2_URL" : "https://cycleassetimages.data.tfl.gov.uk/RWG290589_2.jpg"
			}
		},
		{
			"type" : "Feature",
			"geometry" : {
				"type" : "Point",
				"coordinates" : [ -0.1565951977, 51.6015983043 ]
			},
			"properties" : {
				"FEATURE_ID" : "RWG282088",
				"SVDATE" : "2018-03-22",
				"RST_STEPS" : "TRUE",
				"RST_LIFT" : "FALSE",
				"BOROUGH" : "Haringey",
				"PHOTO1_URL" : "https://cycleassetimages.data.tfl.gov.uk/RWG282088_1.jpg",
				"PHOTO2_URL" : "https://cycleassetimages.data.tfl.gov.uk/no_asset_photo.png"
			}
		},
		{
			"type" : "Feature",
			"geometry" : {
				"type" : "Point",
				"coordinates" : [ -0.1555975196, 51.5952234116 ]
			},
			"properties" : {
				"FEATURE_ID" : "RWG282089",
				"SVDATE" : "2018-03-22",
				"RST_STEPS" : "TRUE",
				"RST_LIFT" : "FALSE",
				"BOROUGH" : "Haringey",
				"PHOTO1_URL" : "https://cycleassetimages.data.tfl.gov.uk/RWG282089_1.jpg",
				"PHOTO2_URL" : "https://cycleassetimages.data.tfl.gov.uk/RWG282089_2.jpg"
			}
		},
		{
			"type" : "Feature",
			"geometry" : {
				"type" : "Point",
				"coordinates" : [ -0.1159027749, 51.5906464721 ]
			},
			"properties" : {
				"FEATURE_ID" : "RWG282087",
				"SVDATE" : "2018-03-22",
				"RST_STEPS" : "TRUE",
				"RST_LIFT" : "FALSE",
				"BOROUGH" : "Haringey",
				"PHOTO1_URL" : "https://cycleassetimages.data.tfl.gov.uk/RWG282087_1.jpg",
				"PHOTO2_URL" : "https://cycleassetimages.data.tfl.gov.uk/RWG282087_2.jpg"
			}
		},
		{
			"type" : "Feature",
			"geometry" : {
				"type" : "Point",
				"coordinates" : [ -0.1385691599, 51.5746215421 ]
			},
			"properties" : {
				"FEATURE_ID" : "RWG282074",
				"SVDATE" : "2018-02-21",
				"RST_STEPS" : "TRUE",
				"RST_LIFT" : "FALSE",
				"BOROUGH" : "Haringey",
				"PHOTO1_URL" : "https://cycleassetimages.data.tfl.gov.uk/no_asset_photo.png",
				"PHOTO2_URL" : "https://cycleassetimages.data.tfl.gov.uk/RWG282074_2.jpg"
			}
		},
		{
			"type" : "Feature",
			"geometry" : {
				"type" : "Point",
				"coordinates" : [ -0.1394029049, 51.5749747024 ]
			},
			"properties" : {
				"FEATURE_ID" : "RWG282075",
				"SVDATE" : "2018-02-21",
				"RST_STEPS" : "TRUE",
				"RST_LIFT" : "FALSE",
				"BOROUGH" : "Haringey",
				"PHOTO1_URL" : "https://cycleassetimages.data.tfl.gov.uk/RWG282075_1.jpg",
				"PHOTO2_URL" : "https://cycleassetimages.data.tfl.gov.uk/RWG282075_2.jpg"
			}
		},
		{
			"type" : "Feature",
			"geometry" : {
				"type" : "Point",
				"coordinates" : [ -0.3725118497, 51.6128583125 ]
			},
			"properties" : {
				"FEATURE_ID" : "RWG261271",
				"SVDATE" : "2018-01-15",
				"RST_STEPS" : "TRUE",
				"RST_LIFT" : "FALSE",
				"BOROUGH" : "Harrow",
				"PHOTO1_URL" : "https://cycleassetimages.data.tfl.gov.uk/RWG261271_1.jpg",
				"PHOTO2_URL" : "https://cycleassetimages.data.tfl.gov.uk/RWG261271_2.jpg"
			}
		},
		{
			"type" : "Feature",
			"geometry" : {
				"type" : "Point",
				"coordinates" : [ -0.3425933478, 51.5032489507 ]
			},
			"properties" : {
				"FEATURE_ID" : "RWG291127",
				"SVDATE" : "2018-03-20",
				"RST_STEPS" : "TRUE",
				"RST_LIFT" : "FALSE",
				"BOROUGH" : "Ealing",
				"PHOTO1_URL" : "https://cycleassetimages.data.tfl.gov.uk/RWG291127_1.jpg",
				"PHOTO2_URL" : "https://cycleassetimages.data.tfl.gov.uk/RWG291127_2.jpg"
			}
		},
		{
			"type" : "Feature",
			"geometry" : {
				"type" : "Point",
				"coordinates" : [ -0.2983361421, 51.5030671661 ]
			},
			"properties" : {
				"FEATURE_ID" : "RWG233458",
				"SVDATE" : "2018-01-03",
				"RST_STEPS" : "TRUE",
				"RST_LIFT" : "FALSE",
				"BOROUGH" : "Ealing",
				"PHOTO1_URL" : "https://cycleassetimages.data.tfl.gov.uk/RWG233458_1.jpg",
				"PHOTO2_URL" : "https://cycleassetimages.data.tfl.gov.uk/RWG233458_2.jpg"
			}
		},
		{
			"type" : "Feature",
			"geometry" : {
				"type" : "Point",
				"coordinates" : [ -0.3380234561, 51.5006238646 ]
			},
			"properties" : {
				"FEATURE_ID" : "RWG233463",
				"SVDATE" : "2018-02-13",
				"RST_STEPS" : "TRUE",
				"RST_LIFT" : "FALSE",
				"BOROUGH" : "Ealing",
				"PHOTO1_URL" : "https://cycleassetimages.data.tfl.gov.uk/RWG233463_1.jpg",
				"PHOTO2_URL" : "https://cycleassetimages.data.tfl.gov.uk/RWG233463_2.jpg"
			}
		},
		{
			"type" : "Feature",
			"geometry" : {
				"type" : "Point",
				"coordinates" : [ -0.3219580827, 51.524850783 ]
			},
			"properties" : {
				"FEATURE_ID" : "RWG233479",
				"SVDATE" : "2018-02-19",
				"RST_STEPS" : "TRUE",
				"RST_LIFT" : "FALSE",
				"BOROUGH" : "Ealing",
				"PHOTO1_URL" : "https://cycleassetimages.data.tfl.gov.uk/RWG233479_1.jpg",
				"PHOTO2_URL" : "https://cycleassetimages.data.tfl.gov.uk/RWG233479_2.jpg"
			}
		},
		{
			"type" : "Feature",
			"geometry" : {
				"type" : "Point",
				"coordinates" : [ -0.3786454536, 51.5428236801 ]
			},
			"properties" : {
				"FEATURE_ID" : "RWG292097",
				"SVDATE" : "2018-04-24",
				"RST_STEPS" : "TRUE",
				"RST_LIFT" : "FALSE",
				"BOROUGH" : "Ealing",
				"PHOTO1_URL" : "https://cycleassetimages.data.tfl.gov.uk/RWG292097_1.jpg",
				"PHOTO2_URL" : "https://cycleassetimages.data.tfl.gov.uk/RWG292097_2.jpg"
			}
		},
		{
			"type" : "Feature",
			"geometry" : {
				"type" : "Point",
				"coordinates" : [ -0.3662581791, 51.5396839786 ]
			},
			"properties" : {
				"FEATURE_ID" : "RWG292098",
				"SVDATE" : "2018-04-24",
				"RST_STEPS" : "TRUE",
				"RST_LIFT" : "FALSE",
				"BOROUGH" : "Ealing",
				"PHOTO1_URL" : "https://cycleassetimages.data.tfl.gov.uk/RWG292098_1.jpg",
				"PHOTO2_URL" : "https://cycleassetimages.data.tfl.gov.uk/RWG292098_2.jpg"
			}
		},
		{
			"type" : "Feature",
			"geometry" : {
				"type" : "Point",
				"coordinates" : [ -0.2980312189, 51.5030852366 ]
			},
			"properties" : {
				"FEATURE_ID" : "RWG233456",
				"SVDATE" : "2018-01-03",
				"RST_STEPS" : "TRUE",
				"RST_LIFT" : "FALSE",
				"BOROUGH" : "Ealing",
				"PHOTO1_URL" : "https://cycleassetimages.data.tfl.gov.uk/RWG233456_1.jpg",
				"PHOTO2_URL" : "https://cycleassetimages.data.tfl.gov.uk/RWG233456_2.jpg"
			}
		},
		{
			"type" : "Feature",
			"geometry" : {
				"type" : "Point",
				"coordinates" : [ -0.2979414197, 51.5031109287 ]
			},
			"properties" : {
				"FEATURE_ID" : "RWG233455",
				"SVDATE" : "2018-01-03",
				"RST_STEPS" : "TRUE",
				"RST_LIFT" : "FALSE",
				"BOROUGH" : "Ealing",
				"PHOTO1_URL" : "https://cycleassetimages.data.tfl.gov.uk/RWG233455_1.jpg",
				"PHOTO2_URL" : "https://cycleassetimages.data.tfl.gov.uk/RWG233455_2.jpg"
			}
		},
		{
			"type" : "Feature",
			"geometry" : {
				"type" : "Point",
				"coordinates" : [ -0.325233303, 51.5421473642 ]
			},
			"properties" : {
				"FEATURE_ID" : "RWG261273",
				"SVDATE" : "2018-03-07",
				"RST_STEPS" : "TRUE",
				"RST_LIFT" : "FALSE",
				"BOROUGH" : "Ealing",
				"PHOTO1_URL" : "https://cycleassetimages.data.tfl.gov.uk/RWG261273_1.jpg",
				"PHOTO2_URL" : "https://cycleassetimages.data.tfl.gov.uk/RWG261273_2.jpg"
			}
		},
		{
			"type" : "Feature",
			"geometry" : {
				"type" : "Point",
				"coordinates" : [ -0.226931042, 51.5966083465 ]
			},
			"properties" : {
				"FEATURE_ID" : "RWG282084",
				"SVDATE" : "2018-03-06",
				"RST_STEPS" : "TRUE",
				"RST_LIFT" : "FALSE",
				"BOROUGH" : "Barnet",
				"PHOTO1_URL" : "https://cycleassetimages.data.tfl.gov.uk/RWG282084_1.jpg",
				"PHOTO2_URL" : "https://cycleassetimages.data.tfl.gov.uk/no_asset_photo.png"
			}
		},
		{
			"type" : "Feature",
			"geometry" : {
				"type" : "Point",
				"coordinates" : [ -0.2090115945, 51.6534921163 ]
			},
			"properties" : {
				"FEATURE_ID" : "RWG282072",
				"SVDATE" : "2018-02-05",
				"RST_STEPS" : "TRUE",
				"RST_LIFT" : "FALSE",
				"BOROUGH" : "Barnet",
				"PHOTO1_URL" : "https://cycleassetimages.data.tfl.gov.uk/RWG282072_1.jpg",
				"PHOTO2_URL" : "https://cycleassetimages.data.tfl.gov.uk/RWG282072_2.jpg"
			}
		},
		{
			"type" : "Feature",
			"geometry" : {
				"type" : "Point",
				"coordinates" : [ -0.2982498572, 51.5030893834 ]
			},
			"properties" : {
				"FEATURE_ID" : "RWG233457",
				"SVDATE" : "2018-01-03",
				"RST_STEPS" : "TRUE",
				"RST_LIFT" : "FALSE",
				"BOROUGH" : "Ealing",
				"PHOTO1_URL" : "https://cycleassetimages.data.tfl.gov.uk/RWG233457_1.jpg",
				"PHOTO2_URL" : "https://cycleassetimages.data.tfl.gov.uk/RWG233457_2.jpg"
			}
		},
		{
			"type" : "Feature",
			"geometry" : {
				"type" : "Point",
				"coordinates" : [ -0.3359320969, 51.5018652611 ]
			},
			"properties" : {
				"FEATURE_ID" : "RWG291129",
				"SVDATE" : "2018-03-29",
				"RST_STEPS" : "TRUE",
				"RST_LIFT" : "FALSE",
				"BOROUGH" : "Ealing",
				"PHOTO1_URL" : "https://cycleassetimages.data.tfl.gov.uk/RWG291129_1.jpg",
				"PHOTO2_URL" : "https://cycleassetimages.data.tfl.gov.uk/RWG291129_2.jpg"
			}
		},
		{
			"type" : "Feature",
			"geometry" : {
				"type" : "Point",
				"coordinates" : [ -0.1266705408, 51.5747547741 ]
			},
			"properties" : {
				"FEATURE_ID" : "RWG282073",
				"SVDATE" : "2018-02-18",
				"RST_STEPS" : "TRUE",
				"RST_LIFT" : "FALSE",
				"BOROUGH" : "Haringey",
				"PHOTO1_URL" : "https://cycleassetimages.data.tfl.gov.uk/RWG282073_1.jpg",
				"PHOTO2_URL" : "https://cycleassetimages.data.tfl.gov.uk/RWG282073_2.jpg"
			}
		},
		{
			"type" : "Feature",
			"geometry" : {
				"type" : "Point",
				"coordinates" : [ -0.2836497495, 51.6226991458 ]
			},
			"properties" : {
				"FEATURE_ID" : "RWG292811",
				"SVDATE" : "2018-04-10",
				"RST_STEPS" : "TRUE",
				"RST_LIFT" : "FALSE",
				"BOROUGH" : "Barnet",
				"PHOTO1_URL" : "https://cycleassetimages.data.tfl.gov.uk/RWG292811_1.jpg",
				"PHOTO2_URL" : "https://cycleassetimages.data.tfl.gov.uk/RWG292811_2.jpg"
			}
		},
		{
			"type" : "Feature",
			"geometry" : {
				"type" : "Point",
				"coordinates" : [ -0.2774400839, 51.6211838791 ]
			},
			"properties" : {
				"FEATURE_ID" : "RWG292816",
				"SVDATE" : "2018-05-21",
				"RST_STEPS" : "TRUE",
				"RST_LIFT" : "FALSE",
				"BOROUGH" : "Barnet",
				"PHOTO1_URL" : "https://cycleassetimages.data.tfl.gov.uk/RWG292816_1.jpg",
				"PHOTO2_URL" : "https://cycleassetimages.data.tfl.gov.uk/RWG292816_2.jpg"
			}
		},
		{
			"type" : "Feature",
			"geometry" : {
				"type" : "Point",
				"coordinates" : [ -0.0833371031, 51.5770447773 ]
			},
			"properties" : {
				"FEATURE_ID" : "RWG282090",
				"SVDATE" : "2018-03-26",
				"RST_STEPS" : "TRUE",
				"RST_LIFT" : "FALSE",
				"BOROUGH" : "Haringey",
				"PHOTO1_URL" : "https://cycleassetimages.data.tfl.gov.uk/no_asset_photo.png",
				"PHOTO2_URL" : "https://cycleassetimages.data.tfl.gov.uk/RWG282090_2.jpg"
			}
		},
		{
			"type" : "Feature",
			"geometry" : {
				"type" : "Point",
				"coordinates" : [ -0.1272422603, 51.5748640262 ]
			},
			"properties" : {
				"FEATURE_ID" : "RWG282079",
				"SVDATE" : "2018-02-27",
				"RST_STEPS" : "TRUE",
				"RST_LIFT" : "FALSE",
				"BOROUGH" : "Haringey",
				"PHOTO1_URL" : "https://cycleassetimages.data.tfl.gov.uk/RWG282079_1.jpg",
				"PHOTO2_URL" : "https://cycleassetimages.data.tfl.gov.uk/no_asset_photo.png"
			}
		},
		{
			"type" : "Feature",
			"geometry" : {
				"type" : "Point",
				"coordinates" : [ -0.0567151672, 51.596423317 ]
			},
			"properties" : {
				"FEATURE_ID" : "RWG282078",
				"SVDATE" : "2018-02-23",
				"RST_STEPS" : "TRUE",
				"RST_LIFT" : "FALSE",
				"BOROUGH" : "Haringey",
				"PHOTO1_URL" : "https://cycleassetimages.data.tfl.gov.uk/RWG282078_1.jpg",
				"PHOTO2_URL" : "https://cycleassetimages.data.tfl.gov.uk/no_asset_photo.png"
			}
		},
		{
			"type" : "Feature",
			"geometry" : {
				"type" : "Point",
				"coordinates" : [ -0.418033027, 51.5398901825 ]
			},
			"properties" : {
				"FEATURE_ID" : "RWG292091",
				"SVDATE" : "2018-04-04",
				"RST_STEPS" : "TRUE",
				"RST_LIFT" : "FALSE",
				"BOROUGH" : "Ealing",
				"PHOTO1_URL" : "https://cycleassetimages.data.tfl.gov.uk/RWG292091_1.jpg",
				"PHOTO2_URL" : "https://cycleassetimages.data.tfl.gov.uk/RWG292091_2.jpg"
			}
		},
		{
			"type" : "Feature",
			"geometry" : {
				"type" : "Point",
				"coordinates" : [ -0.3432135222, 51.5084749691 ]
			},
			"properties" : {
				"FEATURE_ID" : "RWG292092",
				"SVDATE" : "2018-04-06",
				"RST_STEPS" : "TRUE",
				"RST_LIFT" : "FALSE",
				"BOROUGH" : "Ealing",
				"PHOTO1_URL" : "https://cycleassetimages.data.tfl.gov.uk/RWG292092_1.jpg",
				"PHOTO2_URL" : "https://cycleassetimages.data.tfl.gov.uk/RWG292092_2.jpg"
			}
		},
		{
			"type" : "Feature",
			"geometry" : {
				"type" : "Point",
				"coordinates" : [ -0.37745697, 51.5433992528 ]
			},
			"properties" : {
				"FEATURE_ID" : "RWG292095",
				"SVDATE" : "2018-04-24",
				"RST_STEPS" : "TRUE",
				"RST_LIFT" : "FALSE",
				"BOROUGH" : "Ealing",
				"PHOTO1_URL" : "https://cycleassetimages.data.tfl.gov.uk/RWG292095_1.jpg",
				"PHOTO2_URL" : "https://cycleassetimages.data.tfl.gov.uk/RWG292095_2.jpg"
			}
		},
		{
			"type" : "Feature",
			"geometry" : {
				"type" : "Point",
				"coordinates" : [ -0.0558184987, 51.5962549848 ]
			},
			"properties" : {
				"FEATURE_ID" : "RWG282076",
				"SVDATE" : "2018-02-23",
				"RST_STEPS" : "TRUE",
				"RST_LIFT" : "FALSE",
				"BOROUGH" : "Haringey",
				"PHOTO1_URL" : "https://cycleassetimages.data.tfl.gov.uk/RWG282076_1.jpg",
				"PHOTO2_URL" : "https://cycleassetimages.data.tfl.gov.uk/no_asset_photo.png"
			}
		},
		{
			"type" : "Feature",
			"geometry" : {
				"type" : "Point",
				"coordinates" : [ -0.0558913998, 51.5961902148 ]
			},
			"properties" : {
				"FEATURE_ID" : "RWG282077",
				"SVDATE" : "2018-02-23",
				"RST_STEPS" : "TRUE",
				"RST_LIFT" : "FALSE",
				"BOROUGH" : "Haringey",
				"PHOTO1_URL" : "https://cycleassetimages.data.tfl.gov.uk/RWG282077_1.jpg",
				"PHOTO2_URL" : "https://cycleassetimages.data.tfl.gov.uk/RWG282077_2.jpg"
			}
		},
		{
			"type" : "Feature",
			"geometry" : {
				"type" : "Point",
				"coordinates" : [ -0.130786857, 51.6052083072 ]
			},
			"properties" : {
				"FEATURE_ID" : "RWG282094",
				"SVDATE" : "2018-03-26",
				"RST_STEPS" : "TRUE",
				"RST_LIFT" : "FALSE",
				"BOROUGH" : "Haringey",
				"PHOTO1_URL" : "https://cycleassetimages.data.tfl.gov.uk/RWG282094_1.jpg",
				"PHOTO2_URL" : "https://cycleassetimages.data.tfl.gov.uk/RWG282094_2.jpg"
			}
		},
		{
			"type" : "Feature",
			"geometry" : {
				"type" : "Point",
				"coordinates" : [ -0.1073959262, 51.5989778541 ]
			},
			"properties" : {
				"FEATURE_ID" : "RWG999280",
				"SVDATE" : "2018-06-04",
				"RST_STEPS" : "TRUE",
				"RST_LIFT" : "FALSE",
				"BOROUGH" : "Haringey",
				"PHOTO1_URL" : "https://cycleassetimages.data.tfl.gov.uk/RWG999280_1.jpg",
				"PHOTO2_URL" : "https://cycleassetimages.data.tfl.gov.uk/RWG999280_2.jpg"
			}
		},
		{
			"type" : "Feature",
			"geometry" : {
				"type" : "Point",
				"coordinates" : [ -0.2419215374, 51.6409723407 ]
			},
			"properties" : {
				"FEATURE_ID" : "RWG282097",
				"SVDATE" : "2018-03-27",
				"RST_STEPS" : "TRUE",
				"RST_LIFT" : "FALSE",
				"BOROUGH" : "Barnet",
				"PHOTO1_URL" : "https://cycleassetimages.data.tfl.gov.uk/RWG282097_1.jpg",
				"PHOTO2_URL" : "https://cycleassetimages.data.tfl.gov.uk/RWG282097_2.jpg"
			}
		},
		{
			"type" : "Feature",
			"geometry" : {
				"type" : "Point",
				"coordinates" : [ -0.1908142537, 51.6495717876 ]
			},
			"properties" : {
				"FEATURE_ID" : "RWG282096",
				"SVDATE" : "2018-03-27",
				"RST_STEPS" : "TRUE",
				"RST_LIFT" : "FALSE",
				"BOROUGH" : "Barnet",
				"PHOTO1_URL" : "https://cycleassetimages.data.tfl.gov.uk/no_asset_photo.png",
				"PHOTO2_URL" : "https://cycleassetimages.data.tfl.gov.uk/RWG282096_2.jpg"
			}
		},
		{
			"type" : "Feature",
			"geometry" : {
				"type" : "Point",
				"coordinates" : [ -0.3727868497, 51.6126933119 ]
			},
			"properties" : {
				"FEATURE_ID" : "RWG261272",
				"SVDATE" : "2018-01-15",
				"RST_STEPS" : "TRUE",
				"RST_LIFT" : "FALSE",
				"BOROUGH" : "Harrow",
				"PHOTO1_URL" : "https://cycleassetimages.data.tfl.gov.uk/RWG261272_1.jpg",
				"PHOTO2_URL" : "https://cycleassetimages.data.tfl.gov.uk/RWG261272_2.jpg"
			}
		},
		{
			"type" : "Feature",
			"geometry" : {
				"type" : "Point",
				"coordinates" : [ -0.2959649451, 51.6106401553 ]
			},
			"properties" : {
				"FEATURE_ID" : "RWG292812",
				"SVDATE" : "2018-04-10",
				"RST_STEPS" : "TRUE",
				"RST_LIFT" : "FALSE",
				"BOROUGH" : "Harrow",
				"PHOTO1_URL" : "https://cycleassetimages.data.tfl.gov.uk/RWG292812_1.jpg",
				"PHOTO2_URL" : "https://cycleassetimages.data.tfl.gov.uk/RWG292812_2.jpg"
			}
		},
		{
			"type" : "Feature",
			"geometry" : {
				"type" : "Point",
				"coordinates" : [ -0.3238979555, 51.6214636848 ]
			},
			"properties" : {
				"FEATURE_ID" : "RWG292813",
				"SVDATE" : "2018-04-11",
				"RST_STEPS" : "TRUE",
				"RST_LIFT" : "FALSE",
				"BOROUGH" : "Harrow",
				"PHOTO1_URL" : "https://cycleassetimages.data.tfl.gov.uk/RWG292813_1.jpg",
				"PHOTO2_URL" : "https://cycleassetimages.data.tfl.gov.uk/RWG292813_2.jpg"
			}
		},
		{
			"type" : "Feature",
			"geometry" : {
				"type" : "Point",
				"coordinates" : [ -0.0832303378, 51.5767759099 ]
			},
			"properties" : {
				"FEATURE_ID" : "RWG282091",
				"SVDATE" : "2018-03-26",
				"RST_STEPS" : "TRUE",
				"RST_LIFT" : "FALSE",
				"BOROUGH" : "Haringey",
				"PHOTO1_URL" : "https://cycleassetimages.data.tfl.gov.uk/no_asset_photo.png",
				"PHOTO2_URL" : "https://cycleassetimages.data.tfl.gov.uk/RWG282091_2.jpg"
			}
		},
		{
			"type" : "Feature",
			"geometry" : {
				"type" : "Point",
				"coordinates" : [ -0.1285241779, 51.6042676408 ]
			},
			"properties" : {
				"FEATURE_ID" : "RWG282093",
				"SVDATE" : "2018-03-26",
				"RST_STEPS" : "TRUE",
				"RST_LIFT" : "FALSE",
				"BOROUGH" : "Haringey",
				"PHOTO1_URL" : "https://cycleassetimages.data.tfl.gov.uk/RWG282093_1.jpg",
				"PHOTO2_URL" : "https://cycleassetimages.data.tfl.gov.uk/RWG282093_2.jpg"
			}
		},
		{
			"type" : "Feature",
			"geometry" : {
				"type" : "Point",
				"coordinates" : [ -0.1838482393, 51.5851015944 ]
			},
			"properties" : {
				"FEATURE_ID" : "RWG282085",
				"SVDATE" : "2018-03-22",
				"RST_STEPS" : "TRUE",
				"RST_LIFT" : "FALSE",
				"BOROUGH" : "Barnet",
				"PHOTO1_URL" : "https://cycleassetimages.data.tfl.gov.uk/no_asset_photo.png",
				"PHOTO2_URL" : "https://cycleassetimages.data.tfl.gov.uk/RWG282085_2.jpg"
			}
		},
		{
			"type" : "Feature",
			"geometry" : {
				"type" : "Point",
				"coordinates" : [ -0.1835709213, 51.5850788732 ]
			},
			"properties" : {
				"FEATURE_ID" : "RWG282086",
				"SVDATE" : "2018-03-22",
				"RST_STEPS" : "TRUE",
				"RST_LIFT" : "FALSE",
				"BOROUGH" : "Barnet",
				"PHOTO1_URL" : "https://cycleassetimages.data.tfl.gov.uk/no_asset_photo.png",
				"PHOTO2_URL" : "https://cycleassetimages.data.tfl.gov.uk/RWG282086_2.jpg"
			}
		},
		{
			"type" : "Feature",
			"geometry" : {
				"type" : "Point",
				"coordinates" : [ -0.1587142949, 51.6204727106 ]
			},
			"properties" : {
				"FEATURE_ID" : "RWG282092",
				"SVDATE" : "2018-03-26",
				"RST_STEPS" : "TRUE",
				"RST_LIFT" : "FALSE",
				"BOROUGH" : "Barnet",
				"PHOTO1_URL" : "https://cycleassetimages.data.tfl.gov.uk/RWG282092_1.jpg",
				"PHOTO2_URL" : "https://cycleassetimages.data.tfl.gov.uk/RWG282092_2.jpg"
			}
		},
		{
			"type" : "Feature",
			"geometry" : {
				"type" : "Point",
				"coordinates" : [ -0.1443974, 51.6090897109 ]
			},
			"properties" : {
				"FEATURE_ID" : "RWG282095",
				"SVDATE" : "2018-03-26",
				"RST_STEPS" : "TRUE",
				"RST_LIFT" : "FALSE",
				"BOROUGH" : "Barnet",
				"PHOTO1_URL" : "https://cycleassetimages.data.tfl.gov.uk/RWG282095_1.jpg",
				"PHOTO2_URL" : "https://cycleassetimages.data.tfl.gov.uk/RWG282095_2.jpg"
			}
		},
		{
			"type" : "Feature",
			"geometry" : {
				"type" : "Point",
				"coordinates" : [ -0.2837084581, 51.6229416166 ]
			},
			"properties" : {
				"FEATURE_ID" : "RWG292810",
				"SVDATE" : "2018-04-10",
				"RST_STEPS" : "TRUE",
				"RST_LIFT" : "FALSE",
				"BOROUGH" : "Barnet",
				"PHOTO1_URL" : "https://cycleassetimages.data.tfl.gov.uk/RWG292810_1.jpg",
				"PHOTO2_URL" : "https://cycleassetimages.data.tfl.gov.uk/RWG292810_2.jpg"
			}
		},
		{
			"type" : "Feature",
			"geometry" : {
				"type" : "Point",
				"coordinates" : [ -0.2773339377, 51.6214732047 ]
			},
			"properties" : {
				"FEATURE_ID" : "RWG292817",
				"SVDATE" : "2018-05-21",
				"RST_STEPS" : "TRUE",
				"RST_LIFT" : "FALSE",
				"BOROUGH" : "Barnet",
				"PHOTO1_URL" : "https://cycleassetimages.data.tfl.gov.uk/RWG292817_1.jpg",
				"PHOTO2_URL" : "https://cycleassetimages.data.tfl.gov.uk/RWG292817_2.jpg"
			}
		},
		{
			"type" : "Feature",
			"geometry" : {
				"type" : "Point",
				"coordinates" : [ -0.1346436501, 51.5744545871 ]
			},
			"properties" : {
				"FEATURE_ID" : "RWG282080",
				"SVDATE" : "2018-02-27",
				"RST_STEPS" : "TRUE",
				"RST_LIFT" : "FALSE",
				"BOROUGH" : "Haringey",
				"PHOTO1_URL" : "https://cycleassetimages.data.tfl.gov.uk/RWG282080_1.jpg",
				"PHOTO2_URL" : "https://cycleassetimages.data.tfl.gov.uk/RWG282080_2.jpg"
			}
		},
		{
			"type" : "Feature",
			"geometry" : {
				"type" : "Point",
				"coordinates" : [ -0.0593215002, 51.5819941557 ]
			},
			"properties" : {
				"FEATURE_ID" : "RWG282081",
				"SVDATE" : "2018-03-06",
				"RST_STEPS" : "TRUE",
				"RST_LIFT" : "FALSE",
				"BOROUGH" : "Haringey",
				"PHOTO1_URL" : "https://cycleassetimages.data.tfl.gov.uk/RWG282081_1.jpg",
				"PHOTO2_URL" : "https://cycleassetimages.data.tfl.gov.uk/RWG282081_2.jpg"
			}
		},
		{
			"type" : "Feature",
			"geometry" : {
				"type" : "Point",
				"coordinates" : [ -0.0563635968, 51.5842322553 ]
			},
			"properties" : {
				"FEATURE_ID" : "RWG282082",
				"SVDATE" : "2018-03-06",
				"RST_STEPS" : "TRUE",
				"RST_LIFT" : "FALSE",
				"BOROUGH" : "Haringey",
				"PHOTO1_URL" : "https://cycleassetimages.data.tfl.gov.uk/RWG282082_1.jpg",
				"PHOTO2_URL" : "https://cycleassetimages.data.tfl.gov.uk/no_asset_photo.png"
			}
		},
		{
			"type" : "Feature",
			"geometry" : {
				"type" : "Point",
				"coordinates" : [ -0.3544994827, 51.6214593561 ]
			},
			"properties" : {
				"FEATURE_ID" : "RWG292815",
				"SVDATE" : "2018-04-11",
				"RST_STEPS" : "TRUE",
				"RST_LIFT" : "FALSE",
				"BOROUGH" : "Harrow",
				"PHOTO1_URL" : "https://cycleassetimages.data.tfl.gov.uk/RWG292815_1.jpg",
				"PHOTO2_URL" : "https://cycleassetimages.data.tfl.gov.uk/RWG292815_2.jpg"
			}
		},
		{
			"type" : "Feature",
			"geometry" : {
				"type" : "Point",
				"coordinates" : [ -0.0564844638, 51.5847827689 ]
			},
			"properties" : {
				"FEATURE_ID" : "RWG282083",
				"SVDATE" : "2018-03-06",
				"RST_STEPS" : "TRUE",
				"RST_LIFT" : "FALSE",
				"BOROUGH" : "Haringey",
				"PHOTO1_URL" : "https://cycleassetimages.data.tfl.gov.uk/RWG282083_1.jpg",
				"PHOTO2_URL" : "https://cycleassetimages.data.tfl.gov.uk/no_asset_photo.png"
			}
		},
		{
			"type" : "Feature",
			"geometry" : {
				"type" : "Point",
				"coordinates" : [ -0.201463899, 51.658989599 ]
			},
			"properties" : {
				"FEATURE_ID" : "RWG282098",
				"SVDATE" : "2018-03-27",
				"RST_STEPS" : "TRUE",
				"RST_LIFT" : "FALSE",
				"BOROUGH" : "Barnet",
				"PHOTO1_URL" : "https://cycleassetimages.data.tfl.gov.uk/no_asset_photo.png",
				"PHOTO2_URL" : "https://cycleassetimages.data.tfl.gov.uk/RWG282098_2.jpg"
			}
		},
		{
			"type" : "Feature",
			"geometry" : {
				"type" : "Point",
				"coordinates" : [ -0.3769681473, 51.5431769426 ]
			},
			"properties" : {
				"FEATURE_ID" : "RWG292096",
				"SVDATE" : "2018-04-24",
				"RST_STEPS" : "TRUE",
				"RST_LIFT" : "FALSE",
				"BOROUGH" : "Ealing",
				"PHOTO1_URL" : "https://cycleassetimages.data.tfl.gov.uk/RWG292096_1.jpg",
				"PHOTO2_URL" : "https://cycleassetimages.data.tfl.gov.uk/RWG292096_2.jpg"
			}
		},
		{
			"type" : "Feature",
			"geometry" : {
				"type" : "Point",
				"coordinates" : [ -0.4717562371, 51.5012663834 ]
			},
			"properties" : {
				"FEATURE_ID" : "RWG292094",
				"SVDATE" : "2018-04-10",
				"RST_STEPS" : "TRUE",
				"RST_LIFT" : "FALSE",
				"BOROUGH" : "Hillingdon",
				"PHOTO1_URL" : "https://cycleassetimages.data.tfl.gov.uk/RWG292094_1.jpg",
				"PHOTO2_URL" : "https://cycleassetimages.data.tfl.gov.uk/RWG292094_2.jpg"
			}
		},
		{
			"type" : "Feature",
			"geometry" : {
				"type" : "Point",
				"coordinates" : [ -0.4174285796, 51.4934662779 ]
			},
			"properties" : {
				"FEATURE_ID" : "RWG292090",
				"SVDATE" : "2018-04-04",
				"RST_STEPS" : "TRUE",
				"RST_LIFT" : "FALSE",
				"BOROUGH" : "Hillingdon",
				"PHOTO1_URL" : "https://cycleassetimages.data.tfl.gov.uk/RWG292090_1.jpg",
				"PHOTO2_URL" : "https://cycleassetimages.data.tfl.gov.uk/RWG292090_2.jpg"
			}
		},
		{
			"type" : "Feature",
			"geometry" : {
				"type" : "Point",
				"coordinates" : [ -0.4436116254, 51.5581716633 ]
			},
			"properties" : {
				"FEATURE_ID" : "RWG292093",
				"SVDATE" : "2018-04-09",
				"RST_STEPS" : "TRUE",
				"RST_LIFT" : "FALSE",
				"BOROUGH" : "Hillingdon",
				"PHOTO1_URL" : "https://cycleassetimages.data.tfl.gov.uk/RWG292093_1.jpg",
				"PHOTO2_URL" : "https://cycleassetimages.data.tfl.gov.uk/RWG292093_2.jpg"
			}
		}
	]
}