properties.SIG_HEAD,properties.SIG_SEPARA,properties.SIG_EARLY,properties.SIG_TWOSTG,properties.SIG_GATE,borough,latitude,longitude
True,False,False,True,False,Hackney,51.5263700313,-0.0838455056
True,True,False,False,False,Camden,51.5439217514,-0.1525601893
True,True,False,False,False,Camden,51.5438785205,-0.1526413261
True,True,False,False,False,Camden,51.5437873193,-0.1526615341
True,True,False,False,False,Camden,51.5367136901,-0.1460845881
True,True,False,False,False,Camden,51.5366616362,-0.1461362355
True,True,False,False,False,Islington,51.5473984989,-0.1166213563
True,True,False,False,False,Camden,51.5481298124,-0.1278886452
True,True,False,False,False,Camden,51.5481566017,-0.1278562956
True,True,False,False,False,Camden,51.5481084142,-0.1278531326
True,False,True,False,False,Camden,51.5350779879,-0.1224633207
True,False,True,False,False,Tower Hamlets,51.5218846946,-0.0464579211
True,False,True,False,False,Islington,51.5350694839,-0.1222388963
True,True,True,False,False,Islington,51.5315600791,-0.1042446759
True,False,False,False,False,Hackney,51.5651552325,-0.1035839911
True,False,False,False,False,Hackney,51.5401415917,-0.0556715401
True,False,False,False,False,Hackney,51.5401886558,-0.0557665136
True,False,False,False,False,Hackney,51.5452065598,-0.0417283894
True,False,False,False,False,Hackney,51.5453233311,-0.0416414139
True,False,False,False,False,Tower Hamlets,51.5295675318,-0.0145445981
True,True,False,False,True,Tower Hamlets,51.5295764879,-0.0148729964
True,False,False,False,False,Tower Hamlets,51.5283599598,-0.0192605829
True,True,False,False,False,Tower Hamlets,51.5282778992,-0.0196056431
True,False,False,False,False,Tower Hamlets,51.5299724163,-0.0143928997
True,False,False,False,False,Tower Hamlets,51.529629292,-0.0147268094
True,True,False,False,False,Westminster,51.5247296726,-0.1767191108
True,True,False,False,False,Westminster,51.5124826164,-0.1665544918
True,True,False,False,False,Westminster,51.5126696613,-0.1665701827
True,True,True,False,True,Westminster,51.5137378298,-0.1876351951
True,False,False,False,False,Hammersmith & Fulham,51.5052629749,-0.2246363724
True,False,True,False,False,Hammersmith & Fulham,51.5052380151,-0.2247455377
True,False,False,False,False,Hammersmith & Fulham,51.5052159758,-0.224640167
True,False,False,False,False,Westminster,51.512828804,-0.1753478799
True,True,True,False,False,Westminster,51.5138312055,-0.1765608574
True,True,False,False,False,Westminster,51.5120603419,-0.1742442532
True,True,True,False,False,Westminster,51.5136711021,-0.176660149
True,True,True,False,False,Westminster,51.5137407213,-0.1767473166
True,False,False,False,False,Westminster,51.5246582527,-0.1771235161
True,False,False,False,False,Tower Hamlets,51.5183896153,-0.0629796098
True,True,False,False,False,Tower Hamlets,51.5196614336,-0.056414828
True,True,False,True,False,Tower Hamlets,51.5183840626,-0.0626609665
True,True,False,True,False,Tower Hamlets,51.5184047532,-0.0625564649
True,True,False,False,False,Tower Hamlets,51.5197798337,-0.0560458061
True,False,False,False,False,Camden,51.5222116389,-0.1359221779
True,False,False,False,False,Camden,51.5244050659,-0.1286938235
True,False,False,False,False,Camden,51.5246173578,-0.1280885123
True,False,False,False,False,Westminster,51.502617286,-0.1495656949
True,False,False,False,False,Camden,51.5243935772,-0.1286842094
True,False,False,False,False,Westminster,51.502496212,-0.1489465554
True,False,False,False,False,Camden,51.5246432809,-0.128112391
True,False,False,False,False,Islington,51.5310790863,-0.1045316839
True,False,False,False,False,Westminster,51.5026058271,-0.1500154648
True,False,False,False,False,Westminster,51.5023997356,-0.1491966086
True,False,False,False,False,Camden,51.5222034029,-0.1359245268
True,False,False,False,False,Camden,51.5242351098,-0.1291078683
True,False,False,False,False,Islington,51.531428398,-0.1043275756
True,False,False,False,False,Islington,51.5311311304,-0.1044343394
True,True,False,False,False,Westminster,51.5010590918,-0.129618657
True,False,False,False,False,Camden,51.5241440497,-0.1289281814
True,False,False,False,False,Camden,51.5242234967,-0.1290853745
True,False,False,False,False,Camden,51.524186268,-0.1288601897
True,True,True,False,True,City of London,51.5096066574,-0.0801120276
True,False,True,False,False,City of London,51.509474126,-0.0805179365
True,False,False,False,False,Camden,51.5247939318,-0.1277833414
True,True,False,False,False,Westminster,51.5038330738,-0.1363357285
True,True,False,False,True,Islington,51.5306218206,-0.1059013845
True,True,False,False,False,Tower Hamlets,51.5102052708,-0.072328538
True,True,False,False,False,Westminster,51.5039627485,-0.1359276419
True,True,False,False,False,Westminster,51.5011855932,-0.1275079752
True,False,False,False,False,Westminster,51.5012684551,-0.1294505122
True,True,False,False,False,Islington,51.5267938902,-0.1083697815
True,True,False,False,False,City of London,51.5096631692,-0.0786561062
True,False,False,False,False,Westminster,51.501409087,-0.1297438536
True,True,False,False,False,Westminster,51.514009118,-0.1416913797
True,True,False,False,False,Westminster,51.5140197872,-0.1416369604
True,False,True,False,False,Westminster,51.5003387494,-0.1272993482
True,True,True,False,False,Westminster,51.5008546203,-0.123995898
True,True,False,False,False,City of London,51.5100161094,-0.0750617966
True,False,True,False,False,Westminster,51.5009588532,-0.1272652231
True,False,False,False,False,City of London,51.5092762854,-0.0832653798
True,False,True,False,False,Westminster,51.5009665338,-0.1271886271
True,True,False,False,False,City of London,51.5100200815,-0.0742523574
True,False,False,False,False,Camden,51.5256545065,-0.1256646493
True,False,True,False,False,Westminster,51.5009013321,-0.1263263958
True,False,False,False,False,Camden,51.5213500719,-0.1349919862
True,False,False,False,False,Camden,51.5256735764,-0.125690308
True,False,False,False,False,Camden,51.5213599532,-0.1350080599
True,True,True,False,False,Westminster,51.5008745236,-0.1257842665
True,True,False,False,False,Tower Hamlets,51.5108652094,-0.0687373902
True,True,False,False,False,Tower Hamlets,51.5094850687,-0.0782247322
True,True,False,False,False,Westminster,51.501144366,-0.1262355983
True,True,True,False,False,Westminster,51.5008202857,-0.123597825
True,True,True,False,False,Westminster,51.5008329304,-0.1235956873
True,False,True,False,False,Westminster,51.5009647008,-0.1263166892
True,True,False,False,False,City of London,51.5099884034,-0.074938822
True,True,False,False,False,City of London,51.5092470698,-0.0832160551
True,True,False,False,False,Tower Hamlets,51.5095523485,-0.0767414885
True,True,False,False,False,Tower Hamlets,51.5099995106,-0.0732845721
True,True,False,False,False,Tower Hamlets,51.5108565821,-0.068352984
True,False,False,False,False,City of London,51.5126350331,-0.0926036432
True,False,False,False,False,City of London,51.511169462,-0.108045669
True,True,False,True,False,City of London,51.5143181283,-0.1044296502
True,False,False,False,False,City of London,51.511140801,-0.1073385758
True,True,False,False,False,City of London,51.5130897383,-0.1043189801
True,True,False,False,False,Hackney,51.5264071138,-0.0841930029
True,True,False,False,False,City of London,51.5157357797,-0.1048763887
True,True,False,False,False,City of London,51.5157237324,-0.1045572328
True,True,False,False,False,City of London,51.510865587,-0.1045714852
True,False,False,False,False,City of London,51.514102508,-0.104109984
True,True,False,False,False,City of London,51.5110470572,-0.1041953661
True,True,False,True,False,City of London,51.5140327706,-0.1044983543
True,True,False,False,False,City of London,51.5110323807,-0.1043837112
True,True,False,False,False,City of London,51.5109383732,-0.1044901433
True,True,False,False,False,City of London,51.5113622538,-0.1047270727
True,True,True,False,True,Westminster,51.5066215272,-0.1225451719
True,True,False,False,False,City of London,51.5110856723,-0.1043974245
True,False,True,False,False,Camden,51.5263206103,-0.1131770416
True,True,False,False,False,City of London,51.5120628035,-0.1042786547
True,True,False,False,False,Westminster,51.5071563703,-0.1218211619
True,False,False,False,False,Westminster,51.5063733469,-0.122239699
True,False,False,False,False,Westminster,51.5063731484,-0.1222902679
True,True,False,False,False,Westminster,51.5090579169,-0.1195607026
True,True,False,False,False,Westminster,51.5094012575,-0.1189017755
True,True,False,False,False,Westminster,51.5064324476,-0.122245682
True,True,False,False,False,Westminster,51.5064215782,-0.1222550735
True,False,False,False,False,Tower Hamlets,51.527655454,-0.0216117728
True,True,False,False,False,City of London,51.5114159111,-0.1049156589
True,True,False,False,False,Westminster,51.5094191326,-0.1190243705
True,True,False,False,False,Westminster,51.5094740129,-0.1188962007
True,True,False,False,False,City of London,51.5114159659,-0.1047760532
True,True,False,False,False,Westminster,51.5090595235,-0.1196754488
True,False,False,False,False,Westminster,51.507179274,-0.1216186702
True,True,False,False,False,Westminster,51.5097301204,-0.1188436168
True,False,True,True,False,Tower Hamlets,51.5248271443,-0.0348776915
True,True,False,True,False,Tower Hamlets,51.5250501672,-0.0350772564
True,True,False,True,False,Tower Hamlets,51.5251633223,-0.034870184
True,True,False,False,True,Islington,51.5306145551,-0.105875972
True,False,False,False,False,Camden,51.539642055,-0.175991955
True,False,False,False,False,Camden,51.5396826444,-0.1759533843
True,True,False,False,True,Islington,51.5491770996,-0.1076570785
True,False,False,False,False,Tower Hamlets,51.5209347448,-0.0500056894
True,False,True,False,False,Tower Hamlets,51.5210798341,-0.0503062286
True,True,False,False,False,Kensington & Chelsea,51.4908007349,-0.1912438115
True,False,False,False,False,Tower Hamlets,51.5278561122,-0.0219549163
True,True,False,False,False,Tower Hamlets,51.5230635916,-0.0399662875
True,False,False,False,False,Tower Hamlets,51.5153775166,-0.0720401334
True,True,True,False,True,Tower Hamlets,51.5200319619,-0.0562794662
True,False,True,True,False,Tower Hamlets,51.5198811761,-0.0567354355
True,False,True,True,False,Tower Hamlets,51.5198812107,-0.0567354052
True,False,True,False,False,Tower Hamlets,51.5211060044,-0.0495377614
True,False,True,False,False,Tower Hamlets,51.5219409966,-0.0453782964
True,False,False,True,False,Tower Hamlets,51.5185173856,-0.0630572642
True,False,False,False,False,Tower Hamlets,51.5220586725,-0.0455593536
True,False,True,False,False,Tower Hamlets,51.5217789475,-0.046219537
False,False,True,False,False,Tower Hamlets,51.5160640225,-0.0698841167
True,False,False,False,False,Tower Hamlets,51.5157583726,-0.0706928866
True,True,False,False,False,Lambeth,51.4943486072,-0.1209608734
True,True,False,False,False,Lambeth,51.4943548225,-0.1209351934
True,False,False,False,False,Lambeth,51.494365988,-0.1211892511
True,True,False,False,False,Lambeth,51.4943912881,-0.1209491138
True,True,False,False,False,Lambeth,51.494335723,-0.1211254341
True,True,False,False,True,Lambeth,51.486246984,-0.1218798662
True,True,False,False,False,Lambeth,51.4841999758,-0.1173013572
True,True,False,False,False,Westminster,51.5023293757,-0.1584817085
True,True,False,False,False,Lambeth,51.4841555484,-0.1172757734
True,True,False,False,False,Camden,51.5438388387,-0.1525570803
True,True,False,False,False,Lambeth,51.5016894564,-0.1168244617
True,True,False,False,False,Lambeth,51.5008258618,-0.1161160899
True,True,False,False,False,Wandsworth,51.4782168144,-0.1487904111
True,True,False,False,False,Wandsworth,51.4781857614,-0.1487632668
True,True,False,False,False,Wandsworth,51.4776605251,-0.1489586182
True,False,False,False,False,Lambeth,51.5017059465,-0.1170989279
True,True,False,False,False,Wandsworth,51.4776822469,-0.1489152651
True,True,False,False,False,Lambeth,51.5008191714,-0.1161015411
True,False,False,False,False,Westminster,51.5024852118,-0.1627645252
True,False,False,False,False,Westminster,51.5028326219,-0.1585504766
True,True,False,False,False,Wandsworth,51.4779360226,-0.1480203733
True,True,False,False,False,Wandsworth,51.4779649971,-0.1479265465
True,True,False,False,False,Wandsworth,51.4775940544,-0.148351231
True,True,False,False,False,Wandsworth,51.4775416159,-0.1483590025
True,True,True,False,False,Lambeth,51.4859945939,-0.1216090336
True,False,False,False,False,Westminster,51.502778224,-0.1584502907
True,True,False,False,False,Westminster,51.4970656343,-0.1462986028
True,False,False,False,False,Westminster,51.5025220217,-0.1628721204
True,True,True,False,False,Lambeth,51.4852909813,-0.1198881582
True,False,False,False,False,Westminster,51.5027782267,-0.1584502878
True,True,True,False,False,Lambeth,51.4852344446,-0.1198534752
True,True,False,False,False,Westminster,51.490783896,-0.1500805463
True,True,False,False,False,Westminster,51.4907728352,-0.1501369452
True,True,False,False,False,Westminster,51.4907559684,-0.1500823221
True,False,False,False,False,Westminster,51.489411604,-0.1315679934
True,True,False,False,False,Lambeth,51.4955571117,-0.1151184762
True,True,False,False,False,Lambeth,51.4955747922,-0.1150295572
True,False,False,False,False,Lambeth,51.4725410253,-0.1224794488
True,False,False,False,False,Lambeth,51.473113351,-0.1217256267
True,False,False,False,False,Lambeth,51.4725396166,-0.1224924517
True,False,False,False,False,Lambeth,51.4731110963,-0.121740934
True,True,False,False,False,Islington,51.5268407289,-0.1083840594
True,False,True,False,False,Islington,51.5264135191,-0.1126806176
True,False,False,False,False,Southwark,51.499989768,-0.0956488628
True,True,False,False,False,Southwark,51.4962495917,-0.101818551
True,False,False,False,False,Tower Hamlets,51.5277970194,-0.0214450714
True,True,False,True,False,Southwark,51.5010960014,-0.1046956179
True,False,False,False,False,Tower Hamlets,51.5281358673,-0.0193620134
True,False,False,False,False,Tower Hamlets,51.5281444487,-0.0190106663
True,False,False,False,False,Southwark,51.5009610945,-0.0986382166
True,False,False,False,False,Tower Hamlets,51.5293977159,-0.0144128768
True,False,False,False,False,Southwark,51.5008104202,-0.0985486112
True,True,False,False,False,Southwark,51.4962165694,-0.1047289549
True,True,False,False,False,Southwark,51.4969934891,-0.1066471113
True,False,True,False,False,Southwark,51.4988104215,-0.1056844346
True,True,False,False,False,Southwark,51.4965892122,-0.0997203232
True,False,False,False,False,Southwark,51.4997892641,-0.0954834794
True,True,False,False,False,Southwark,51.4961522054,-0.1045645183
True,True,False,False,True,Southwark,51.4965130547,-0.0995860932
True,False,False,False,False,Southwark,51.498455655,-0.1094599222
True,True,False,False,False,Southwark,51.4983277752,-0.1094733044
True,False,False,False,False,Southwark,51.4959726369,-0.0830692955
True,True,False,False,False,Southwark,51.4958579093,-0.0828208085
True,True,False,False,False,Southwark,51.4960949721,-0.1045485073
True,False,True,False,False,Southwark,51.4989404614,-0.1046103599
True,False,False,False,False,Southwark,51.4987109416,-0.1044197634
True,True,False,False,False,Southwark,51.4963742667,-0.101688053
True,True,False,True,False,Southwark,51.5039448651,-0.1045966693
True,True,False,True,False,Southwark,51.5035772097,-0.1046834681
True,True,False,False,False,Southwark,51.4951654686,-0.1017224115
True,True,True,False,False,Southwark,51.5080171384,-0.104513656
True,True,False,False,False,Southwark,51.4972679739,-0.1073068092
True,False,True,False,False,Southwark,51.5072207528,-0.1047212138
True,True,False,True,False,Southwark,51.5073485546,-0.1044863711
True,True,False,True,False,Southwark,51.5069855609,-0.1045644146
True,True,False,False,False,Southwark,51.4962289321,-0.101773679
True,True,False,True,False,Southwark,51.5008482239,-0.1047814025
True,False,True,False,False,Southwark,51.5069550186,-0.1041413448
True,True,False,False,False,Lambeth,51.4612600444,-0.1489882337
True,True,False,False,False,Lambeth,51.4614056132,-0.1489568547
True,True,False,False,True,Wandsworth,51.4377225879,-0.1670312472
True,True,False,False,False,Wandsworth,51.4375776514,-0.166983031
True,True,False,False,True,Wandsworth,51.4375250343,-0.166908514
True,True,False,False,False,Wandsworth,51.4376775757,-0.1669274743
True,False,False,False,False,Wandsworth,51.4383369253,-0.1563816075
True,False,False,False,False,Wandsworth,51.4512149185,-0.1478907778
True,False,False,False,False,Wandsworth,51.4381407249,-0.1568016338
True,False,False,False,False,Wandsworth,51.451089274,-0.147836362
True,False,False,True,False,Wandsworth,51.4510856008,-0.1476193771
True,False,True,False,False,Southwark,51.4557095769,-0.0839936839
True,False,True,False,False,Southwark,51.4553529691,-0.0839719332
True,False,False,False,False,Lambeth,51.4593599812,-0.1334368244
True,False,False,False,False,Lambeth,51.4593368728,-0.133409051
True,False,False,False,False,Lambeth,51.4594096114,-0.1333641265
True,True,False,False,False,Camden,51.5307883323,-0.122559085
True,True,False,False,False,Southwark,51.4721938525,-0.0696673767
True,True,False,False,False,Southwark,51.4720668213,-0.0697689883
True,True,False,False,False,Camden,51.5420074131,-0.1384704663
True,False,True,False,False,Hackney,51.5345845043,-0.0771939466
True,False,True,False,False,Camden,51.5434494805,-0.1746297091
True,False,False,False,False,Camden,51.5396791863,-0.1755857349
True,True,False,False,False,Westminster,51.5395572232,-0.1755761065
False,False,False,False,False,Hackney,51.5602189987,-0.0701767421
False,False,False,False,False,Hackney,51.5602118565,-0.0702193139
False,False,False,False,False,Hackney,51.5601730772,-0.0701599449
True,True,False,False,False,Hackney,51.5527479951,-0.0578344934
True,True,False,False,False,Hackney,51.5527447011,-0.0580969333
True,True,False,False,False,Hackney,51.5570640218,-0.0465267626
True,True,False,False,False,Hackney,51.5570696227,-0.046406975
True,False,False,False,False,City of London,51.5096381963,-0.0861822878
True,False,False,False,False,City of London,51.5095096266,-0.0803581935
True,False,False,False,False,City of London,51.5102726668,-0.0895861429
True,False,False,False,False,City of London,51.5105785148,-0.0910800256
True,False,False,False,False,City of London,51.5102206099,-0.0895195273
True,False,False,False,False,City of London,51.5099512635,-0.0884532707
True,False,False,False,False,City of London,51.5096095044,-0.0861376689
True,False,False,False,False,City of London,51.5098790863,-0.0881621098
True,True,False,False,False,City of London,51.509690758,-0.0865628004
True,True,False,False,False,Tower Hamlets,51.5095695622,-0.076845751
True,False,True,False,False,Hackney,51.5344883841,-0.0768322282
True,False,False,False,False,City of London,51.5105347094,-0.091015886
True,False,False,False,False,City of London,51.5108726245,-0.0926474062
True,True,False,False,False,City of London,51.5109718186,-0.0929838054
True,False,False,True,False,City of London,51.5109902499,-0.093292727
True,False,False,True,False,City of London,51.5108849967,-0.0927073993
True,True,False,False,False,City of London,51.510951129,-0.0932363256
True,True,False,False,False,Tower Hamlets,51.5152564157,-0.0714875113
True,True,False,False,False,Tower Hamlets,51.5152564598,-0.071488664
True,False,False,False,False,Tower Hamlets,51.5159950307,-0.0696849682
True,False,False,False,False,Tower Hamlets,51.5156614129,-0.0703240404
True,False,False,False,False,Tower Hamlets,51.5161566176,-0.0693418804
True,True,False,False,False,City of London,51.5115834035,-0.1045322712
True,True,True,False,False,Hackney,51.5350381307,-0.0631183801
True,True,False,False,False,City of London,51.5109907367,-0.1083892714
True,True,False,False,False,Tower Hamlets,51.5249807001,-0.0345232961
True,True,True,False,False,Hackney,51.5348947217,-0.0631582959
True,True,True,False,False,Tower Hamlets,51.5252712146,-0.0345552777
True,True,False,False,False,Westminster,51.5107881984,-0.113471703
True,True,False,False,False,Westminster,51.5104699328,-0.1153134416
True,True,False,False,False,City of London,51.5117170839,-0.1044804511
True,True,True,False,False,Hackney,51.5350540048,-0.0628117521
True,True,True,True,False,Tower Hamlets,51.5249767395,-0.0345396648
True,True,False,False,False,City of London,51.5109939295,-0.1081189508
True,True,False,False,False,City of London,51.5117006517,-0.1043818001
True,True,False,False,False,City of London,51.5118196538,-0.1042712049
True,True,False,False,False,City of London,51.5119042538,-0.1043614277
True,False,False,True,False,Tower Hamlets,51.5248776569,-0.0347713371
True,True,True,False,False,Hackney,51.5348623162,-0.0629534094
True,True,True,False,False,Westminster,51.5010825228,-0.1238270499
True,True,False,False,False,City of London,51.5119141926,-0.1042672729
True,True,False,False,False,Westminster,51.5107783238,-0.113215471
True,True,False,False,False,Westminster,51.5104780733,-0.1154722536
True,True,False,False,False,City of London,51.5109737045,-0.1083248095
True,True,False,False,False,Westminster,51.5008484291,-0.1238589154
True,True,False,False,False,Tower Hamlets,51.5231527887,-0.0397098229
True,True,True,False,True,City of London,51.5107291426,-0.0932020697
True,True,False,False,True,Westminster,51.5002045314,-0.1278309366
True,False,False,False,False,Westminster,51.4999590125,-0.1263238772
True,False,True,False,False,Hackney,51.5264216562,-0.0837076898
True,True,False,False,False,Hackney,51.5264640563,-0.0840744826
True,False,False,False,False,Westminster,51.5002878373,-0.1277139255
True,True,False,False,False,City of London,51.511120316,-0.1020468957
True,True,False,False,False,City of London,51.5111029671,-0.1026006762
True,True,False,False,False,City of London,51.5110662912,-0.107146898
True,True,False,False,False,Islington,51.5254525337,-0.0907406031
True,False,False,False,False,Hackney,51.5260551425,-0.0832804709
True,True,False,False,False,City of London,51.5132577521,-0.1042172385
True,False,False,False,False,City of London,51.5142195834,-0.1041420965
True,False,False,False,False,Westminster,51.5114103951,-0.1192662892
True,False,False,False,False,Westminster,51.5113882918,-0.1193127856
True,False,False,False,False,Westminster,51.5047358911,-0.1233821324
True,True,False,False,False,Waltham Forest,51.5571861276,-0.0104905308
True,True,False,False,False,Lambeth,51.4826208835,-0.1118750903
True,False,False,False,False,Enfield,51.6123778453,-0.1166826481
True,True,False,False,True,Westminster,51.4894173253,-0.1308454275
True,False,True,False,True,Westminster,51.4888716347,-0.1296624885
True,True,False,False,True,Westminster,51.4892928853,-0.1306784808
True,True,False,False,False,Lambeth,51.4864088231,-0.1232620258
True,False,False,False,False,Lambeth,51.4844365846,-0.1101831887
True,True,False,False,False,Lambeth,51.4829349307,-0.1112582999
True,True,False,False,True,Lambeth,51.4812005859,-0.1109425442
True,False,False,False,False,Lambeth,51.4844270981,-0.1102267675
True,False,True,False,False,Lambeth,51.4815440258,-0.1108968966
True,False,True,False,False,Waltham Forest,51.5828168647,-0.0279943459
True,True,False,False,False,Waltham Forest,51.557030767,-0.0102311548
True,False,True,False,False,Waltham Forest,51.5829802249,-0.0280559522
True,True,True,False,True,Waltham Forest,51.5568428305,-0.0146270071
True,True,True,False,False,Waltham Forest,51.5571023367,-0.0141326678
True,True,False,False,False,Waltham Forest,51.5570435125,-0.0107215123
True,True,True,False,False,Enfield,51.6296915565,-0.0973950536
True,True,True,False,True,Waltham Forest,51.5816464479,-0.0337643388
True,True,True,False,False,Waltham Forest,51.5825945375,-0.0349485909
True,True,True,False,False,Waltham Forest,51.5825254858,-0.0351586737
True,True,False,True,False,Tower Hamlets,51.5197481874,-0.0562772137
True,True,False,False,False,Merton,51.422834984,-0.2097618328
True,True,False,False,False,Waltham Forest,51.5777451993,-0.0075954994
True,False,False,False,False,Hackney,51.5245848261,-0.0773882598
True,False,True,False,False,Kensington & Chelsea,51.4894767617,-0.1945022778
True,False,True,False,False,Kensington & Chelsea,51.4895502344,-0.1942560293
True,False,False,False,False,Kingston upon Thames,51.40790826,-0.3004296673
True,False,True,False,False,Kensington & Chelsea,51.4895645979,-0.1943488691
True,False,False,False,False,Kingston upon Thames,51.4079504961,-0.3005235789
True,True,False,False,False,Lambeth,51.4813369761,-0.1109836246
True,True,False,False,True,Westminster,51.5120297746,-0.17243833
True,True,False,False,False,Southwark,51.4954881133,-0.1029296703
True,True,True,False,True,Westminster,51.5131725743,-0.1757886316
True,True,False,False,False,Westminster,51.5135086511,-0.1764866469
True,True,True,False,True,Westminster,51.5132345492,-0.1757570634
True,True,False,False,False,Westminster,51.5121825631,-0.174258405
True,True,False,False,False,Westminster,51.5120051689,-0.1740654953
True,False,False,False,False,Camden,51.5272918761,-0.1183269425
True,True,False,False,True,Westminster,51.5120684568,-0.1724453302
True,False,False,False,True,Redbridge,51.5628195075,0.0918461347
True,True,False,False,False,Lewisham,51.4450570548,7.50166e-05
True,False,False,False,False,Kingston upon Thames,51.4072255593,-0.3045051944
True,False,False,False,False,Kingston upon Thames,51.4073120339,-0.3045201966
True,True,False,False,False,Southwark,51.4792917021,-0.1052332448
True,False,True,False,False,Southwark,51.501011693,-0.1047793004
True,True,False,False,False,Southwark,51.4792952792,-0.1052793158
True,True,False,False,False,Islington,51.5398437786,-0.0943530374
True,True,False,False,False,Islington,51.5398291488,-0.0943232483
True,True,False,False,False,Camden,51.5418515606,-0.1357047154
True,True,False,False,False,Camden,51.5419511251,-0.1358535711
True,True,False,False,False,Southwark,51.4948604748,-0.1011356499
True,True,False,False,False,Southwark,51.4967394856,-0.0998186623
True,True,False,False,False,Westminster,51.5002572601,-0.140622202
True,True,False,False,False,Westminster,51.5004397388,-0.1394858853
True,True,False,False,False,Westminster,51.5001825127,-0.140599628
True,True,False,False,False,Westminster,51.500988989,-0.1339844941
True,True,False,False,False,Westminster,51.5019280219,-0.1399966103
True,True,True,False,False,Westminster,51.501366084,-0.1301617883
True,True,False,False,False,Westminster,51.5008961071,-0.1395412494
True,True,False,False,False,Westminster,51.5004594985,-0.1384463369
True,True,True,False,True,Westminster,51.5012938091,-0.1300309622
True,True,False,False,False,Westminster,51.5022404795,-0.1401946692
True,True,False,False,False,Westminster,51.5005046859,-0.1386571736
True,True,False,False,False,Westminster,51.500565376,-0.1392292021
True,True,False,False,False,Westminster,51.5005931948,-0.1390970625
True,True,False,False,False,Westminster,51.5022801915,-0.1419929166
True,True,False,False,False,Westminster,51.5022084508,-0.1417969357
True,True,False,False,False,Westminster,51.5009946505,-0.139505442
True,True,False,False,False,Westminster,51.5009372795,-0.1338821638
True,False,False,False,False,City of London,51.5099432294,-0.0884333549
True,False,False,True,False,Tower Hamlets,51.5152522473,-0.0720917204
True,True,False,False,False,Tower Hamlets,51.5157209219,-0.0706856936
True,False,True,False,False,Tower Hamlets,51.5186505893,-0.0627972033
True,False,False,True,False,Tower Hamlets,51.5185511717,-0.0629602252
True,False,True,False,False,Tower Hamlets,51.518487623,-0.0626653288
False,False,False,False,False,Tower Hamlets,51.5294400106,-0.0137938871
True,False,False,False,False,Lambeth,51.5008493952,-0.1177005691
True,False,False,False,False,Lambeth,51.4988073173,-0.1169789131
True,False,False,False,False,Lambeth,51.5005797272,-0.1158000569
True,True,True,False,False,Lambeth,51.50017871,-0.1169018735
True,False,False,False,False,Lambeth,51.5006605644,-0.1177461667
True,False,False,False,False,Lambeth,51.5008755471,-0.1186547764
True,True,True,False,False,Lambeth,51.5003640678,-0.1164723511
True,True,True,False,False,Lambeth,51.5009367984,-0.1156966987
True,True,True,False,False,Lambeth,51.5009368761,-0.1157265569
True,False,False,False,False,Camden,51.5245917455,-0.127879817
True,True,True,False,False,Lambeth,51.500348675,-0.1164514096
True,False,False,False,False,City of London,51.5116022215,-0.1040619771
True,False,False,False,False,Hillingdon,51.5073827298,-0.4174441081
True,False,False,False,False,Hillingdon,51.5098380336,-0.4148782782
True,False,False,False,False,Hillingdon,51.5098018696,-0.41472058
True,False,False,False,False,Hillingdon,51.5074598454,-0.4175720105
True,True,False,False,False,Southwark,51.5082315515,-0.1044541254
True,True,False,True,False,Southwark,51.4986176184,-0.1050491506
True,False,False,False,False,Ealing,51.5009817903,-0.3826359301
True,False,False,False,False,Harrow,51.6011579099,-0.3189321552
True,False,False,False,False,Harrow,51.6010954482,-0.318843719
True,False,False,False,False,Harrow,51.6010951425,-0.3188435339
True,False,False,False,False,Harrow,51.6011564519,-0.3189328256
True,True,False,False,False,Harrow,51.5693641586,-0.3466347555
True,True,False,False,False,Harrow,51.5694279307,-0.3465950457
True,True,False,False,False,Brent,51.5830289692,-0.2616952482
True,True,False,False,False,Merton,51.4059044774,-0.1655196581
True,True,False,False,False,Hackney,51.5246398521,-0.0771700025
True,True,False,False,False,Kensington & Chelsea,51.4908002261,-0.1912757821
True,True,False,True,False,Bromley,51.3823125328,0.1080143692
True,True,False,False,True,Enfield,51.6175668785,-0.1092182299
True,True,False,True,False,Bromley,51.3822627875,0.1078933722
True,False,True,False,False,Enfield,51.6158245745,-0.1095123919
True,False,False,False,False,Enfield,51.6184436892,-0.1078646873
True,False,False,False,True,Southwark,51.4986818097,-0.1041879362
True,True,False,False,False,Croydon,51.3779238718,-0.1027226258
True,True,False,False,False,Croydon,51.3777756885,-0.1025270799
